,Accuracy,Precision,Recall,F1 Score,FPR,FNR
"train layers=[64], epochs=50, min_delta=0.0, patience=3, dropout_rate=0.3",0.9595961509319594,0.9603079493045721,0.962159802066657,0.9612329837698333,0.04318792476687214,0.037840197933343034
"val layers=[64], epochs=50, min_delta=0.0, patience=3, dropout_rate=0.3",0.9619610517541866,0.961460739030023,0.9659222737819025,0.9636863425925926,0.04237422631328361,0.034077726218097446
"train layers=[64], epochs=50, min_delta=0.0, patience=3, dropout_rate=0.5",0.9597476890437945,0.9587539346575491,0.9641609663804396,0.9614498485205812,0.04504504504504504,0.03583903361956047
"val layers=[64], epochs=50, min_delta=0.0, patience=3, dropout_rate=0.5",0.96112752898386,0.9584829765838242,0.9675174013921114,0.9629789997835029,0.0458657355975242,0.03248259860788863
"train layers=[64], epochs=50, min_delta=0.0, patience=5, dropout_rate=0.3",0.9592741324443097,0.9598489798881871,0.9620142628438364,0.9609304015991278,0.04370159633317528,0.03798573715616359
"val layers=[64], epochs=50, min_delta=0.0, patience=5, dropout_rate=0.3",0.9609002045919527,0.9592571264036855,0.9662122969837587,0.9627221499783268,0.04491350579273131,0.0337877030162413
"train layers=[64], epochs=50, min_delta=0.0, patience=5, dropout_rate=0.5",0.9587437490528868,0.9596744895734941,0.9611410275069131,0.9604071986911471,0.043859649122807015,0.03885897249308689
"val layers=[64], epochs=50, min_delta=0.0, patience=5, dropout_rate=0.5",0.9602940062135333,0.9605377276669558,0.9636020881670534,0.9620674677863037,0.04332645611807649,0.03639791183294663
"train layers=[64], epochs=50, min_delta=0.0, patience=7, dropout_rate=0.3",0.9581565388695257,0.9602316180487271,0.9593581720273614,0.9597946963216424,0.0431484115694642,0.04064182797263863
"val layers=[64], epochs=50, min_delta=0.0, patience=7, dropout_rate=0.3",0.9609002045919527,0.9613827017645358,0.9638921113689095,0.9626357711803041,0.04237422631328361,0.03610788863109049
"train layers=[64], epochs=50, min_delta=0.0, patience=7, dropout_rate=0.5",0.9587626913168662,0.9586096915660904,0.9623417260951826,0.9604720835224694,0.04512407143986091,0.037658273904817345
"val layers=[64], epochs=50, min_delta=0.0, patience=7, dropout_rate=0.5",0.9599909070243237,0.9568149210903873,0.9670823665893271,0.9619212462137603,0.04777019520710998,0.03291763341067285
"train layers=[64], epochs=50, min_delta=0.0, patience=9, dropout_rate=0.3",0.9598992271556296,0.9609667454115937,0.9620506476495415,0.9615083910616556,0.04243717401612138,0.037949352350458446
"val layers=[64], epochs=50, min_delta=0.0, patience=9, dropout_rate=0.3",0.9609759793892552,0.9611215493568435,0.9643271461716937,0.9627216793340572,0.04269163624821457,0.03567285382830626
"train layers=[64], epochs=50, min_delta=0.0, patience=9, dropout_rate=0.5",0.9593877860281861,0.9598243449226973,0.9622689564837724,0.9610450961154112,0.043741109530583216,0.03773104351622762
"val layers=[64], epochs=50, min_delta=0.0, patience=9, dropout_rate=0.5",0.960597105402743,0.9597634842803576,0.9650522041763341,0.9624005784526392,0.04427868592286938,0.034947795823665896
"train layers=[64], epochs=50, min_delta=0.001, patience=3, dropout_rate=0.3",0.9587816335808456,0.9564605728302431,0.9647431232717217,0.9605839944933522,0.04769242927137664,0.03525687672827827
"val layers=[64], epochs=50, min_delta=0.001, patience=3, dropout_rate=0.3",0.9596878078351141,0.9562661313449957,0.9670823665893271,0.9616438356164384,0.04840501507697191,0.03291763341067285
"train layers=[64], epochs=50, min_delta=0.001, patience=3, dropout_rate=0.5",0.9600697075314442,0.9592774922174763,0.9642337359918498,0.9617492288150971,0.04445234708392603,0.035766264008150195
"val layers=[64], epochs=50, min_delta=0.001, patience=3, dropout_rate=0.5",0.9608244297946503,0.9581956615428817,0.9672273781902552,0.9626903370137836,0.046183145532455165,0.03277262180974478
"train layers=[64], epochs=50, min_delta=0.001, patience=5, dropout_rate=0.3",0.9600507652674648,0.9593425292350024,0.9641245815747344,0.9617276109245985,0.044373320689110166,0.03587541842526561
"val layers=[64], epochs=50, min_delta=0.001, patience=5, dropout_rate=0.3",0.9607486549973479,0.9588489208633093,0.9663573085846868,0.9625884732052579,0.04538962069512776,0.033642691415313224
"train layers=[64], epochs=50, min_delta=0.001, patience=5, dropout_rate=0.5",0.959141536596454,0.9594050426265192,0.9622325716780672,0.9608167269160203,0.044215267899478425,0.037767428321932764
"val layers=[64], epochs=50, min_delta=0.001, patience=5, dropout_rate=0.5",0.9623399257406986,0.9602934829520933,0.9679524361948956,0.9641077489708962,0.04380257102047294,0.03204756380510441
"train layers=[64], epochs=50, min_delta=0.001, patience=7, dropout_rate=0.3",0.9589710562206395,0.96173767143274,0.9593581720273614,0.9605464480874317,0.04144934408092303,0.04064182797263863
"val layers=[64], epochs=50, min_delta=0.001, patience=7, dropout_rate=0.3",0.9618095021595817,0.9623842592592593,0.9646171693735499,0.9634994206257242,0.04126329154102523,0.03538283062645012
"train layers=[64], epochs=50, min_delta=0.001, patience=7, dropout_rate=0.5",0.9593309592362479,0.9570660605404625,0.9651797409401833,0.961105777069256,0.04702070491544176,0.03482025905981662
"val layers=[64], epochs=50, min_delta=0.001, patience=7, dropout_rate=0.5",0.9590816094566947,0.9542595769010863,0.9680974477958236,0.961128707169594,0.050785589588954134,0.031902552204176336
"train layers=[64], epochs=50, min_delta=0.001, patience=9, dropout_rate=0.3",0.9592551901803303,0.958217270194986,0.963760733517683,0.9609810074917917,0.04563774300616406,0.036239266482316984
"val layers=[64], epochs=50, min_delta=0.001, patience=9, dropout_rate=0.3",0.9618095021595817,0.9593273929290026,0.9679524361948956,0.963620614984842,0.04491350579273131,0.03204756380510441
"train layers=[64], epochs=50, min_delta=0.001, patience=9, dropout_rate=0.5",0.9584027883012578,0.9577179264407761,0.9625964197351187,0.9601509762647892,0.04615141457246721,0.037403580264881386
"val layers=[64], epochs=50, min_delta=0.001, patience=9, dropout_rate=0.5",0.9595362582405093,0.9584894782358028,0.9643271461716937,0.9613994506288853,0.04570703063005872,0.03567285382830626
"train layers=[64], epochs=100, min_delta=0.0, patience=3, dropout_rate=0.3",0.9592173056523716,0.9568589258016809,0.9651797409401833,0.9610013222960856,0.047257784099889365,0.03482025905981662
"val layers=[64], epochs=100, min_delta=0.0, patience=3, dropout_rate=0.3",0.9595362582405093,0.9561227416117006,0.9669373549883991,0.9614996395097333,0.04856372004443739,0.03306264501160093
"train layers=[64], epochs=100, min_delta=0.0, patience=3, dropout_rate=0.5",0.9598045158357327,0.9585261787677177,0.9645248144374909,0.9615161407326804,0.04532163742690058,0.035475185562509094
"val layers=[64], epochs=100, min_delta=0.0, patience=3, dropout_rate=0.5",0.9617337273622794,0.9594536304816679,0.9676624129930395,0.9635405385892716,0.04475480082526583,0.03233758700696056
"train layers=[64], epochs=100, min_delta=0.0, patience=5, dropout_rate=0.3",0.9596529777238976,0.958912539820446,0.9637971183233881,0.9613486245191261,0.044847479058005374,0.03620288167661185
"val layers=[64], epochs=100, min_delta=0.0, patience=5, dropout_rate=0.3",0.9610517541865575,0.9584770114942529,0.9673723897911833,0.9629041570438799,0.0458657355975242,0.03262761020881671
"train layers=[64], epochs=100, min_delta=0.0, patience=5, dropout_rate=0.5",0.9583838460372783,0.9579153236029119,0.9623417260951826,0.9601234231781468,0.045914335388019596,0.037658273904817345
"val layers=[64], epochs=100, min_delta=0.0, patience=5, dropout_rate=0.5",0.9599909070243237,0.9582613701784686,0.9654872389791184,0.9618607338919387,0.04602444056498969,0.03451276102088167
"train layers=[64], epochs=100, min_delta=0.0, patience=7, dropout_rate=0.3",0.9586111532050311,0.9582322043108132,0.9624508805122981,0.960336909364846,0.04555871661134819,0.03754911948770193
"val layers=[64], epochs=100, min_delta=0.0, patience=7, dropout_rate=0.3",0.9598393574297188,0.9583813364055299,0.9650522041763341,0.9617052023121387,0.0458657355975242,0.034947795823665896
"train layers=[64], epochs=100, min_delta=0.0, patience=7, dropout_rate=0.5",0.9598802848916502,0.9586980108499096,0.9644884296317857,0.9615845032103603,0.04512407143986091,0.035511570368214236
"val layers=[64], epochs=100, min_delta=0.0, patience=7, dropout_rate=0.5",0.9614306281730697,0.9589021411122288,0.9676624129930395,0.9632623601587874,0.04538962069512776,0.03233758700696056
"train layers=[64], epochs=100, min_delta=0.0, patience=9, dropout_rate=0.3",0.959236247916351,0.9618245460511923,0.959794789695823,0.9608085958841741,0.04137031768610716,0.04020521030417697
"val layers=[64], epochs=100, min_delta=0.0, patience=9, dropout_rate=0.3",0.9609002045919527,0.9621848739495799,0.963022041763341,0.9626032758370778,0.04142199650849072,0.036977958236658934
"train layers=[64], epochs=100, min_delta=0.0, patience=9, dropout_rate=0.5",0.9592741324443097,0.9574245269391882,0.9646703536603115,0.9610337828041178,0.04658605974395448,0.03532964633968855
"val layers=[64], epochs=100, min_delta=0.0, patience=9, dropout_rate=0.5",0.9599151322270213,0.9565466800516277,0.9672273781902552,0.9618573797678275,0.04808760514204095,0.03277262180974478
"train layers=[64], epochs=100, min_delta=0.001, patience=3, dropout_rate=0.3",0.959823458099712,0.9594912859161564,0.9635060398777471,0.9614944719786505,0.04417575470207049,0.03649396012225295
"val layers=[64], epochs=100, min_delta=0.001, patience=3, dropout_rate=0.3",0.960218231416231,0.9574895878213414,0.966792343387471,0.9621184789667364,0.04697667036978257,0.033207656612529
"train layers=[64], epochs=100, min_delta=0.001, patience=3, dropout_rate=0.5",0.9596719199878769,0.9604809124259925,0.9621234172609519,0.9613014632372989,0.04299035877983246,0.037876582739048176
"val layers=[64], epochs=100, min_delta=0.001, patience=3, dropout_rate=0.5",0.9608244297946503,0.95938355177877,0.9659222737819025,0.9626418093792904,0.04475480082526583,0.034077726218097446
"train layers=[64], epochs=100, min_delta=0.001, patience=5, dropout_rate=0.3",0.9585353841491135,0.9557164991172126,0.965070586523068,0.9603707659720839,0.04856171961435119,0.034929413476932035
"val layers=[64], epochs=100, min_delta=0.001, patience=5, dropout_rate=0.3",0.9588542850647874,0.9547602004294917,0.9670823665893271,0.9608817808515236,0.05015076971909221,0.03291763341067285
"train layers=[64], epochs=100, min_delta=0.001, patience=5, dropout_rate=0.5",0.9598424003636915,0.9579661996244403,0.9652161257458886,0.961577497462665,0.04599336178283547,0.03478387425411148
"val layers=[64], epochs=100, min_delta=0.001, patience=5, dropout_rate=0.5",0.9599909070243237,0.9565529108115859,0.9673723897911833,0.9619322278298486,0.04808760514204095,0.03262761020881671
"train layers=[64], epochs=100, min_delta=0.001, patience=7, dropout_rate=0.3",0.9590847098045159,0.9581041968162084,0.9635424246834522,0.9608156157027792,0.04575628259838786,0.03645757531654781
"val layers=[64], epochs=100, min_delta=0.001, patience=7, dropout_rate=0.3",0.9590058346593923,0.9575233981281498,0.9643271461716937,0.960913228812947,0.04681796540231709,0.03567285382830626
"train layers=[64], epochs=100, min_delta=0.001, patience=7, dropout_rate=0.5",0.9602970146991968,0.9589298626174982,0.965070586523068,0.9619904250689105,0.04488699225541331,0.034929413476932035
"val layers=[64], epochs=100, min_delta=0.001, patience=7, dropout_rate=0.5",0.9609002045919527,0.95807007466973,0.9675174013921114,0.9627705627705627,0.04634185049992065,0.03248259860788863
"train layers=[64], epochs=100, min_delta=0.001, patience=9, dropout_rate=0.3",0.9588763449007426,0.9581870180646562,0.9630330374035803,0.9606039160179287,0.04563774300616406,0.03696696259641973
"val layers=[64], epochs=100, min_delta=0.001, patience=9, dropout_rate=0.3",0.9601424566189285,0.9595959595959596,0.9643271461716937,0.9619557355706639,0.04443739089033487,0.03567285382830626
"train layers=[64], epochs=100, min_delta=0.001, patience=9, dropout_rate=0.5",0.9585543264130929,0.9584934387007903,0.9620506476495415,0.9602687488650808,0.04524261103208472,0.037949352350458446
"val layers=[64], epochs=100, min_delta=0.001, patience=9, dropout_rate=0.5",0.9592331590512996,0.9572784810126582,0.9650522041763341,0.9611496244945118,0.047135375337248056,0.034947795823665896
"train layers=[64], epochs=200, min_delta=0.0, patience=3, dropout_rate=0.3",0.9582701924534021,0.9602067936068737,0.9596128656672973,0.9599097377663737,0.04318792476687214,0.04038713433270266
"val layers=[64], epochs=200, min_delta=0.0, patience=3, dropout_rate=0.3",0.9587785102674851,0.958826928633343,0.9624419953596288,0.9606310609350123,0.045230915727662274,0.03755800464037123
"train layers=[64], epochs=200, min_delta=0.0, patience=3, dropout_rate=0.5",0.957057887558721,0.958440897356652,0.9591034783874254,0.958772073399167,0.04516358463726885,0.040896521612574586
"val layers=[64], epochs=200, min_delta=0.0, patience=3, dropout_rate=0.5",0.9593089338486019,0.9596645944773746,0.9625870069605569,0.9611235792369507,0.04427868592286938,0.037412993039443156
"train layers=[64], epochs=200, min_delta=0.0, patience=5, dropout_rate=0.3",0.9594446128201243,0.9602629762812829,0.9619051084267211,0.9610833409070254,0.04322743796428007,0.038094891573279
"val layers=[64], epochs=200, min_delta=0.0, patience=5, dropout_rate=0.3",0.96112752898386,0.9613994506288853,0.9643271461716937,0.9628610729023384,0.04237422631328361,0.03567285382830626
"train layers=[64], epochs=200, min_delta=0.0, patience=5, dropout_rate=0.5",0.9590657675405364,0.9607029800240149,0.9606680250327463,0.9606855022104172,0.04267425320056899,0.03933197496725367
"val layers=[64], epochs=200, min_delta=0.0, patience=5, dropout_rate=0.5",0.9604455558081382,0.9608155002891845,0.9636020881670534,0.9622067767158993,0.043009046183145536,0.03639791183294663
"train layers=[64], epochs=200, min_delta=0.0, patience=7, dropout_rate=0.3",0.9591794211244128,0.9593413369119728,0.9623781109008878,0.9608573244936881,0.044294294294294295,0.03762188909911221
"val layers=[64], epochs=200, min_delta=0.0, patience=7, dropout_rate=0.3",0.9607486549973479,0.9584531339850488,0.966792343387471,0.962604678024834,0.0458657355975242,0.033207656612529
"train layers=[64], epochs=200, min_delta=0.0, patience=7, dropout_rate=0.5",0.9586869222609486,0.958636940366141,0.962159802066657,0.9603951406417404,0.04508455824245298,0.037840197933343034
"val layers=[64], epochs=200, min_delta=0.0, patience=7, dropout_rate=0.5",0.9599909070243237,0.9579976985040276,0.9657772621809745,0.9618717504332756,0.04634185049992065,0.034222737819025524
"train layers=[64], epochs=200, min_delta=0.0, patience=9, dropout_rate=0.3",0.9598424003636915,0.9578669940067875,0.9653252801630039,0.9615816751839368,0.04611190137505927,0.03467471983699607
"val layers=[64], epochs=200, min_delta=0.0, patience=9, dropout_rate=0.3",0.9597635826324165,0.9562724014336917,0.9672273781902552,0.9617186936774565,0.04840501507697191,0.03277262180974478
"train layers=[64], epochs=200, min_delta=0.0, patience=9, dropout_rate=0.5",0.959046825276557,0.959631162419226,0.9617959540096056,0.9607123387243321,0.043938675517622885,0.03820404599039441
"val layers=[64], epochs=200, min_delta=0.0, patience=9, dropout_rate=0.5",0.961506402970372,0.9614273331407108,0.9650522041763341,0.9632363583731365,0.04237422631328361,0.034947795823665896
"train layers=[64], epochs=200, min_delta=0.001, patience=3, dropout_rate=0.3",0.958364903773299,0.9575161033509445,0.9627419589579391,0.9601219202438405,0.04638849375691481,0.03725804104206083
"val layers=[64], epochs=200, min_delta=0.001, patience=3, dropout_rate=0.3",0.9589300598620899,0.956334386670497,0.9654872389791184,0.9608890171741954,0.048246310109506425,0.03451276102088167
"train layers=[64], epochs=200, min_delta=0.001, patience=3, dropout_rate=0.5",0.9586869222609486,0.9593696670418649,0.9613593363411439,0.9603634711494775,0.044215267899478425,0.03864066365885606
"val layers=[64], epochs=200, min_delta=0.001, patience=3, dropout_rate=0.5",0.9601424566189285,0.9578780908568143,0.9662122969837587,0.9620271440947156,0.04650055546738613,0.0337877030162413
"train layers=[64], epochs=200, min_delta=0.001, patience=5, dropout_rate=0.3",0.9603159569631763,0.960763674639759,0.9631058070149905,0.961933315163078,0.04271376639797692,0.03689419298500946
"val layers=[64], epochs=200, min_delta=0.001, patience=5, dropout_rate=0.3",0.96112752898386,0.9604674650122638,0.9653422273781903,0.9628986765024952,0.04348516108554198,0.034657772621809746
"train layers=[64], epochs=200, min_delta=0.001, patience=5, dropout_rate=0.5",0.9586490377329898,0.9584344990034427,0.9623053412894775,0.9603660197171335,0.04532163742690058,0.03769465871052249
"val layers=[64], epochs=200, min_delta=0.001, patience=5, dropout_rate=0.5",0.9596878078351141,0.9586336119919285,0.9644721577726219,0.9615440219748446,0.04554832566259324,0.03552784222737819
"train layers=[64], epochs=200, min_delta=0.001, patience=7, dropout_rate=0.3",0.9596150931959387,0.9570563207615201,0.9657618978314656,0.9613894020065921,0.04706021811284969,0.03423810216853442
"val layers=[64], epochs=200, min_delta=0.001, patience=7, dropout_rate=0.3",0.9604455558081382,0.9558066361556065,0.9691125290023201,0.962413594470046,0.04903983494683384,0.030887470997679814
"train layers=[64], epochs=200, min_delta=0.001, patience=7, dropout_rate=0.5",0.9604485528110319,0.9601058047684615,0.9640881967690292,0.9620928797066193,0.04350403034613561,0.03591180323097075
"val layers=[64], epochs=200, min_delta=0.001, patience=7, dropout_rate=0.5",0.9609759793892552,0.9587347232207045,0.9669373549883991,0.9628185690563859,0.04554832566259324,0.03306264501160093
"train layers=[64], epochs=200, min_delta=0.001, patience=9, dropout_rate=0.3",0.9594256705561449,0.9583303190334949,0.9639790423519139,0.9611463812806095,0.04551920341394026,0.03602095764808616
"val layers=[64], epochs=200, min_delta=0.001, patience=9, dropout_rate=0.3",0.960597105402743,0.9588370754173863,0.9660672853828306,0.9624386015602427,0.04538962069512776,0.033932714617169374
"train layers=[64], epochs=200, min_delta=0.001, patience=9, dropout_rate=0.5",0.9596529777238976,0.959911478740386,0.962705574152234,0.9613064961488156,0.043662083135767346,0.037294425847765975
"val layers=[64], epochs=200, min_delta=0.001, patience=9, dropout_rate=0.5",0.9610517541865575,0.9599308157970596,0.9657772621809745,0.9628451640884776,0.044119980955403905,0.034222737819025524
"train layers=[64], epochs=500, min_delta=0.0, patience=3, dropout_rate=0.3",0.9601833611153205,0.9596522998913437,0.9640518119633241,0.9618470250844012,0.044017701912438756,0.035948188036675884
"val layers=[64], epochs=500, min_delta=0.0, patience=3, dropout_rate=0.3",0.9621883761460938,0.9605471562275018,0.9673723897911833,0.9639476916407774,0.04348516108554198,0.03262761020881671
"train layers=[64], epochs=500, min_delta=0.0, patience=3, dropout_rate=0.5",0.9588384603727838,0.9601163424831849,0.960849949061272,0.9604830056920475,0.04334597755650387,0.03915005093872799
"val layers=[64], epochs=500, min_delta=0.0, patience=3, dropout_rate=0.5",0.9613548533757672,0.960219083309311,0.9660672853828306,0.9631343067803961,0.04380257102047294,0.033932714617169374
"train layers=[64], epochs=500, min_delta=0.0, patience=5, dropout_rate=0.3",0.9578534626458555,0.9606784606966989,0.9582666278562072,0.959471028616186,0.042595226805753124,0.04173337214379275
"val layers=[64], epochs=500, min_delta=0.0, patience=5, dropout_rate=0.3",0.9606728802000455,0.9621684302072764,0.9625870069605569,0.9623776730699529,0.04142199650849072,0.037412993039443156
"train layers=[64], epochs=500, min_delta=0.0, patience=5, dropout_rate=0.5",0.9585353841491135,0.9575299352458126,0.9630694222092854,0.9602916900974114,0.04638849375691481,0.0369305777907146
"val layers=[64], epochs=500, min_delta=0.0, patience=5, dropout_rate=0.5",0.9600666818216261,0.957345971563981,0.9666473317865429,0.9619741684104193,0.047135375337248056,0.03335266821345707
"train layers=[64], epochs=500, min_delta=0.0, patience=7, dropout_rate=0.3",0.9602401879072586,0.9617637428602612,0.9618687236210158,0.9618162303760165,0.041528370475738895,0.038131276378984134
"val layers=[64], epochs=500, min_delta=0.0, patience=7, dropout_rate=0.3",0.960218231416231,0.9602658575350382,0.9637470997679815,0.9620033292321054,0.043643866053007456,0.03625290023201856
"train layers=[64], epochs=500, min_delta=0.0, patience=7, dropout_rate=0.5",0.9599181694196091,0.9585351746077652,0.9647431232717217,0.9616291299459616,0.04532163742690058,0.03525687672827827
"val layers=[64], epochs=500, min_delta=0.0, patience=7, dropout_rate=0.5",0.9612790785784648,0.9577060931899641,0.968677494199536,0.9631605507894168,0.04681796540231709,0.031322505800464036
"train layers=[64], epochs=500, min_delta=0.0, patience=9, dropout_rate=0.3",0.9584217305652372,0.9596829897844185,0.9604861010042206,0.9600843774435817,0.04382013592539908,0.03951389899577936
"val layers=[64], epochs=500, min_delta=0.0, patience=9, dropout_rate=0.3",0.9609002045919527,0.9596541786743515,0.9657772621809745,0.9627059843885516,0.04443739089033487,0.034222737819025524
"train layers=[64], epochs=500, min_delta=0.0, patience=9, dropout_rate=0.5",0.9594446128201243,0.9590624207513676,0.9632149614321059,0.9611342058924973,0.044649913070965705,0.03678503856789405
"val layers=[64], epochs=500, min_delta=0.0, patience=9, dropout_rate=0.5",0.960597105402743,0.9581776372520839,0.966792343387471,0.9624657138732496,0.046183145532455165,0.033207656612529
"train layers=[64], epochs=500, min_delta=0.001, patience=3, dropout_rate=0.3",0.9589142294287013,0.9581900452488687,0.9631058070149905,0.960641637482081,0.04563774300616406,0.03689419298500946
"val layers=[64], epochs=500, min_delta=0.001, patience=3, dropout_rate=0.3",0.9599151322270213,0.9582553620267742,0.9653422273781903,0.9617857400852416,0.04602444056498969,0.034657772621809746
"train layers=[64], epochs=500, min_delta=0.001, patience=3, dropout_rate=0.5",0.9591036520684952,0.9566848198506871,0.9651433561344782,0.9608954737280614,0.047455350086929034,0.03485664386552176
"val layers=[64], epochs=500, min_delta=0.001, patience=3, dropout_rate=0.5",0.9599909070243237,0.9555078683834048,0.9685324825986079,0.9619760910269336,0.0493572448817648,0.031467517401392114
"train layers=[64], epochs=500, min_delta=0.001, patience=5, dropout_rate=0.3",0.9590089407485983,0.9593280603729772,0.9620506476495415,0.9606874250626749,0.044294294294294295,0.037949352350458446
"val layers=[64], epochs=500, min_delta=0.001, patience=5, dropout_rate=0.3",0.9600666818216261,0.9583993090542681,0.9654872389791184,0.9619302174384166,0.0458657355975242,0.03451276102088167
"train layers=[64], epochs=500, min_delta=0.001, patience=5, dropout_rate=0.5",0.9586869222609486,0.9597703237998328,0.9609227186726823,0.9603461755240814,0.043741109530583216,0.03907728132731771
"val layers=[64], epochs=500, min_delta=0.001, patience=5, dropout_rate=0.5",0.9596120330378116,0.9600867678958785,0.9627320185614849,0.9614075736731591,0.04380257102047294,0.037267981438515084
"train layers=[64], epochs=500, min_delta=0.001, patience=7, dropout_rate=0.3",0.9593877860281861,0.958825233577171,0.9633605006549265,0.9610875167882682,0.044926505452821244,0.0366394993450735
"val layers=[64], epochs=500, min_delta=0.001, patience=7, dropout_rate=0.3",0.96112752898386,0.9595392368610511,0.9663573085846868,0.9629362040315006,0.04459609585780035,0.033642691415313224
"train layers=[64], epochs=500, min_delta=0.001, patience=7, dropout_rate=0.5",0.9584217305652372,0.9591821912336129,0.9610318730897977,0.9601061412915068,0.044412833886518094,0.0389681269102023
"val layers=[64], epochs=500, min_delta=0.001, patience=7, dropout_rate=0.5",0.9593089338486019,0.9588685235964786,0.9634570765661253,0.9611573236889692,0.045230915727662274,0.03654292343387471
"train layers=[64], epochs=500, min_delta=0.001, patience=9, dropout_rate=0.3",0.9601454765873617,0.9602161456444477,0.9633605006549265,0.9617857532057104,0.04334597755650387,0.0366394993450735
"val layers=[64], epochs=500, min_delta=0.001, patience=9, dropout_rate=0.3",0.9615821777676745,0.9601037015699265,0.9666473317865429,0.9633644049425536,0.04396127598793842,0.03335266821345707
"train layers=[64], epochs=500, min_delta=0.001, patience=9, dropout_rate=0.5",0.9592551901803303,0.9600813628273582,0.9617231843981953,0.9609015722984641,0.04342500395131974,0.03827681560180469
"val layers=[64], epochs=500, min_delta=0.001, patience=9, dropout_rate=0.5",0.960218231416231,0.9593366979091564,0.964762180974478,0.9620417901814764,0.04475480082526583,0.03523781902552204
"train layers=[64, 64], epochs=50, min_delta=0.0, patience=3, dropout_rate=0.3",0.9557319290801637,0.9574344235456761,0.9575389317421045,0.9574866747921631,0.04623044096728307,0.0424610682578955
"val layers=[64, 64], epochs=50, min_delta=0.0, patience=3, dropout_rate=0.3",0.9572630143214367,0.956986143187067,0.9614269141531323,0.9592013888888888,0.047294080304713534,0.03857308584686775
"train layers=[64, 64], epochs=50, min_delta=0.0, patience=3, dropout_rate=0.5",0.9588384603727838,0.9591148195175041,0.9619414932324262,0.9605260767679703,0.0445313734787419,0.038058506767573864
"val layers=[64, 64], epochs=50, min_delta=0.0, patience=3, dropout_rate=0.5",0.9605213306054406,0.9584352078239609,0.9663573085846868,0.9623799552314246,0.0458657355975242,0.033642691415313224
"train layers=[64, 64], epochs=50, min_delta=0.0, patience=5, dropout_rate=0.3",0.9571715411425974,0.9599883284093811,0.9576480861592199,0.9588167792936376,0.04334597755650387,0.04235191384078009
"val layers=[64, 64], epochs=50, min_delta=0.0, patience=5, dropout_rate=0.3",0.9585511858755777,0.9584115523465704,0.9624419953596288,0.9604225454019246,0.04570703063005872,0.03755800464037123
"train layers=[64, 64], epochs=50, min_delta=0.0, patience=5, dropout_rate=0.5",0.958364903773299,0.9573175142877812,0.96296026779217,0.9601306003990567,0.046625572941362416,0.03703973220783001
"val layers=[64, 64], epochs=50, min_delta=0.0, patience=5, dropout_rate=0.5",0.9605213306054406,0.9564657024201633,0.9685324825986079,0.9624612724259672,0.048246310109506425,0.031467517401392114
"train layers=[64, 64], epochs=50, min_delta=0.0, patience=7, dropout_rate=0.3",0.9570200030307623,0.9611881332991916,0.9560471547081939,0.958610751354408,0.04192350244981824,0.04395284529180614
"val layers=[64, 64], epochs=50, min_delta=0.0, patience=7, dropout_rate=0.3",0.9582480866863681,0.9593166352975242,0.96084686774942,0.9600811417807723,0.04459609585780035,0.03915313225058004
"train layers=[64, 64], epochs=50, min_delta=0.0, patience=7, dropout_rate=0.5",0.9579671162297317,0.9571526797669453,0.9623417260951826,0.9597401890523795,0.04678362573099415,0.037658273904817345
"val layers=[64, 64], epochs=50, min_delta=0.0, patience=7, dropout_rate=0.5",0.9588542850647874,0.9558042760797819,0.9659222737819025,0.9608366390191129,0.04888112997936835,0.034077726218097446
"train layers=[64, 64], epochs=50, min_delta=0.0, patience=9, dropout_rate=0.3",0.9579671162297317,0.9586131784352877,0.9607407946441566,0.9596758073016046,0.04504504504504504,0.0392592053558434
"val layers=[64, 64], epochs=50, min_delta=0.0, patience=9, dropout_rate=0.3",0.9601424566189285,0.9597286374133949,0.9641821345707656,0.9619502314814815,0.04427868592286938,0.03581786542923434
"train layers=[64, 64], epochs=50, min_delta=0.0, patience=9, dropout_rate=0.5",0.9574177905743294,0.9573727707698999,0.9609954882840925,0.9591807088901801,0.046467520151730675,0.039004511715907436
"val layers=[64, 64], epochs=50, min_delta=0.0, patience=9, dropout_rate=0.5",0.9576418883079488,0.9558336929938138,0.9634570765661253,0.9596302448183722,0.048722425011902874,0.03654292343387471
"train layers=[64, 64], epochs=50, min_delta=0.001, patience=3, dropout_rate=0.3",0.9570200030307623,0.9583045548729506,0.9591762479988357,0.9587402032986017,0.04532163742690058,0.040823752001164317
"val layers=[64, 64], epochs=50, min_delta=0.001, patience=3, dropout_rate=0.3",0.9586269606728802,0.9582852193995381,0.9627320185614849,0.9605034722222222,0.0458657355975242,0.037267981438515084
"train layers=[64, 64], epochs=50, min_delta=0.001, patience=3, dropout_rate=0.5",0.9580807698136081,0.9552841134291788,0.9646339688546063,0.959936274598548,0.049035877983246406,0.03536603114539368
"val layers=[64, 64], epochs=50, min_delta=0.001, patience=3, dropout_rate=0.5",0.9580207622944609,0.9528706083976007,0.9675174013921114,0.9601381493740107,0.05237263926360895,0.03248259860788863
"train layers=[64, 64], epochs=50, min_delta=0.001, patience=5, dropout_rate=0.3",0.9545196241854826,0.9500807464561277,0.9632513462378111,0.956620715821424,0.05496285759443654,0.03674865376218891
"val layers=[64, 64], epochs=50, min_delta=0.001, patience=5, dropout_rate=0.3",0.9571114647268318,0.950983186092904,0.9678074245939675,0.9593215466436682,0.05459450880812569,0.03219257540603248
"train layers=[64, 64], epochs=50, min_delta=0.001, patience=5, dropout_rate=0.5",0.959141536596454,0.955177743431221,0.9668898268083248,0.9609981014374831,0.04927295716769401,0.033110173191675155
"val layers=[64, 64], epochs=50, min_delta=0.001, patience=5, dropout_rate=0.5",0.9596878078351141,0.9540525114155252,0.9695475638051044,0.9617376294591484,0.0511029995238851,0.030452436194895592
"train layers=[64, 64], epochs=50, min_delta=0.001, patience=7, dropout_rate=0.3",0.9569063494468859,0.9541016680476997,0.9635788094891573,0.9588168208395937,0.05033981349770823,0.03642119051084267
"val layers=[64, 64], epochs=50, min_delta=0.001, patience=7, dropout_rate=0.3",0.9575661135106464,0.9525714285714286,0.9669373549883991,0.9597006332757628,0.052690049198539916,0.03306264501160093
"train layers=[64, 64], epochs=50, min_delta=0.001, patience=7, dropout_rate=0.5",0.9558834671919988,0.9541433471745803,0.9614684907582594,0.9577919135903151,0.0501817607080765,0.03853150924174065
"val layers=[64, 64], epochs=50, min_delta=0.001, patience=7, dropout_rate=0.5",0.9587027354701826,0.9543568464730291,0.9672273781902552,0.9607490097227224,0.05062688462148865,0.03277262180974478
"train layers=[64, 64], epochs=50, min_delta=0.001, patience=9, dropout_rate=0.3",0.9558076981360812,0.9594797033139684,0.9554649978169116,0.9574681421253167,0.04382013592539908,0.04453500218308834
"val layers=[64, 64], epochs=50, min_delta=0.001, patience=9, dropout_rate=0.3",0.9567325907403198,0.9585326953748007,0.9586716937354989,0.9586021895164214,0.04538962069512776,0.04132830626450116
"train layers=[64, 64], epochs=50, min_delta=0.001, patience=9, dropout_rate=0.5",0.958175481133505,0.9556533025670608,0.9644156600203755,0.9600144875045273,0.048601232811759126,0.035584339979624506
"val layers=[64, 64], epochs=50, min_delta=0.001, patience=9, dropout_rate=0.5",0.9589300598620899,0.9537275064267352,0.9683874709976799,0.9610015829615772,0.05142040945881606,0.031612529002320186
"train layers=[64, 64], epochs=100, min_delta=0.0, patience=3, dropout_rate=0.3",0.9566222154871951,0.9588402418591098,0.9577936253820405,0.958316647857585,0.044649913070965705,0.04220637461795954
"val layers=[64, 64], epochs=100, min_delta=0.0, patience=3, dropout_rate=0.3",0.9592331590512996,0.959393063583815,0.9627320185614849,0.9610596409959468,0.04459609585780035,0.037267981438515084
"train layers=[64, 64], epochs=100, min_delta=0.0, patience=3, dropout_rate=0.5",0.9577208667979997,0.9561416184971099,0.96296026779217,0.9595388296715249,0.04796902165323218,0.03703973220783001
"val layers=[64, 64], epochs=100, min_delta=0.0, patience=3, dropout_rate=0.5",0.9570356899295295,0.9533018192236069,0.9650522041763341,0.9591410247171579,0.051737819393747025,0.034947795823665896
"train layers=[64, 64], epochs=100, min_delta=0.0, patience=5, dropout_rate=0.3",0.9561107743597514,0.9552805817866059,0.9606680250327463,0.9579667289516173,0.04883831199620673,0.03933197496725367
"val layers=[64, 64], epochs=100, min_delta=0.0, patience=5, dropout_rate=0.3",0.9566568159430173,0.9540493968983343,0.9634570765661253,0.9587301587301588,0.050785589588954134,0.03654292343387471
"train layers=[64, 64], epochs=100, min_delta=0.0, patience=5, dropout_rate=0.5",0.9588952871647219,0.9577576853526221,0.9635424246834522,0.9606413465375268,0.04615141457246721,0.03645757531654781
"val layers=[64, 64], epochs=100, min_delta=0.0, patience=5, dropout_rate=0.5",0.9599909070243237,0.957471264367816,0.9663573085846868,0.9618937644341802,0.04697667036978257,0.033642691415313224
"train layers=[64, 64], epochs=100, min_delta=0.0, patience=7, dropout_rate=0.3",0.9577398090619791,0.9598310207946393,0.9589579391646048,0.9593942813461224,0.043583056740951476,0.04104206083539514
"val layers=[64, 64], epochs=100, min_delta=0.0, patience=7, dropout_rate=0.3",0.9602940062135333,0.9600057753393012,0.9641821345707656,0.9620894226595282,0.04396127598793842,0.03581786542923434
"train layers=[64, 64], epochs=100, min_delta=0.0, patience=7, dropout_rate=0.5",0.9572662524624943,0.9558727864112757,0.9623417260951826,0.9590963484062806,0.04824561403508772,0.037658273904817345
"val layers=[64, 64], epochs=100, min_delta=0.0, patience=7, dropout_rate=0.5",0.9583996362809729,0.9544608334526707,0.9665023201856149,0.96044383601124,0.05046817965402317,0.03349767981438515
"train layers=[64, 64], epochs=100, min_delta=0.0, patience=9, dropout_rate=0.3",0.9570010607667828,0.9584363636363636,0.95899432397031,0.9587152626218536,0.04516358463726885,0.04100567602969
"val layers=[64, 64], epochs=100, min_delta=0.0, patience=9, dropout_rate=0.3",0.9598393574297188,0.9594399538106235,0.9638921113689095,0.9616608796296297,0.04459609585780035,0.03610788863109049
"train layers=[64, 64], epochs=100, min_delta=0.0, patience=9, dropout_rate=0.5",0.9586490377329898,0.9561862175904222,0.9647795080774269,0.9604636421262338,0.04800853485064011,0.035220491922573136
"val layers=[64, 64], epochs=100, min_delta=0.0, patience=9, dropout_rate=0.5",0.9594604834432068,0.9537737195034955,0.9694025522041764,0.9615246314275441,0.05142040945881606,0.030597447795823667
"train layers=[64, 64], epochs=100, min_delta=0.001, patience=3, dropout_rate=0.3",0.9577208667979997,0.9584937177718063,0.9603769465871053,0.9594344080549598,0.04516358463726885,0.03962305341289477
"val layers=[64, 64], epochs=100, min_delta=0.001, patience=3, dropout_rate=0.3",0.9601424566189285,0.9589337175792507,0.9650522041763341,0.9619832321480196,0.045230915727662274,0.034947795823665896
"train layers=[64, 64], epochs=100, min_delta=0.001, patience=3, dropout_rate=0.5",0.9569252917108653,0.9551527406658482,0.9624508805122981,0.9587879227228243,0.04907539118065434,0.03754911948770193
"val layers=[64, 64], epochs=100, min_delta=0.001, patience=3, dropout_rate=0.5",0.9580207622944609,0.9536480686695279,0.9666473317865429,0.9601037015699265,0.05142040945881606,0.03335266821345707
"train layers=[64, 64], epochs=100, min_delta=0.001, patience=5, dropout_rate=0.3",0.9572662524624943,0.9575926866429659,0.9604497161985155,0.9590190735694822,0.046190927769875136,0.0395502838014845
"val layers=[64, 64], epochs=100, min_delta=0.001, patience=5, dropout_rate=0.3",0.9587785102674851,0.9571099597006333,0.9643271461716937,0.9607049985553309,0.047294080304713534,0.03567285382830626
"train layers=[64, 64], epochs=100, min_delta=0.001, patience=5, dropout_rate=0.5",0.958118654341567,0.957132004485765,0.9626691893465289,0.9598926116059281,0.046823138928402085,0.03733081065347111
"val layers=[64, 64], epochs=100, min_delta=0.001, patience=5, dropout_rate=0.5",0.9593847086459044,0.955848623853211,0.9669373549883991,0.961361014994233,0.04888112997936835,0.03306264501160093
"train layers=[64, 64], epochs=100, min_delta=0.001, patience=7, dropout_rate=0.3",0.9570768298227004,0.9577101785973573,0.9599403289186436,0.9588239569704899,0.0460328749802434,0.04005967108135643
"val layers=[64, 64], epochs=100, min_delta=0.001, patience=7, dropout_rate=0.3",0.9587785102674851,0.9563218390804598,0.9651972157772621,0.9607390300230947,0.048246310109506425,0.03480278422273782
"train layers=[64, 64], epochs=100, min_delta=0.001, patience=7, dropout_rate=0.5",0.9575314441582058,0.9540908109663956,0.9648522776888372,0.9594413690799233,0.0504188398925241,0.03514772231116286
"val layers=[64, 64], epochs=100, min_delta=0.001, patience=7, dropout_rate=0.5",0.9588542850647874,0.9534618129907209,0.9685324825986079,0.9609380620099274,0.051737819393747025,0.031467517401392114
"train layers=[64, 64], epochs=100, min_delta=0.001, patience=9, dropout_rate=0.3",0.9565653886952569,0.9541046255903667,0.9628874981807597,0.9584759421234675,0.0503003003003003,0.037112501819240286
"val layers=[64, 64], epochs=100, min_delta=0.001, patience=9, dropout_rate=0.3",0.9571114647268318,0.9534383954154728,0.9650522041763341,0.9592101470164313,0.05157911442628154,0.034947795823665896
"train layers=[64, 64], epochs=100, min_delta=0.001, patience=9, dropout_rate=0.5",0.9587626913168662,0.955899837867051,0.9653252801630039,0.960589438621264,0.04836415362731152,0.03467471983699607
"val layers=[64, 64], epochs=100, min_delta=0.001, patience=9, dropout_rate=0.5",0.9587027354701826,0.9534485220619734,0.9682424593967517,0.9607885459385568,0.051737819393747025,0.03175754060324826
"train layers=[64, 64], epochs=200, min_delta=0.0, patience=3, dropout_rate=0.3",0.9572851947264737,0.9595948555397675,0.9583030126619124,0.9589484990260508,0.04382013592539908,0.04169698733808761
"val layers=[64, 64], epochs=200, min_delta=0.0, patience=3, dropout_rate=0.3",0.9571872395241343,0.9581705022434506,0.9599767981438515,0.95907279971025,0.0458657355975242,0.040023201856148494
"train layers=[64, 64], epochs=200, min_delta=0.0, patience=3, dropout_rate=0.5",0.9583080769813608,0.9548447450796963,0.9655799738029399,0.9601823543245834,0.049589062746957485,0.03442002619706011
"val layers=[64, 64], epochs=200, min_delta=0.0, patience=3, dropout_rate=0.5",0.9592331590512996,0.9531071835803877,0.9696925754060325,0.9613283496262219,0.05221393429614347,0.030307424593967517
"train layers=[64, 64], epochs=200, min_delta=0.0, patience=5, dropout_rate=0.3",0.9558834671919988,0.9567822771018704,0.9585577063018483,0.9576691688325851,0.04702070491544176,0.04144229369815165
"val layers=[64, 64], epochs=200, min_delta=0.0, patience=5, dropout_rate=0.3",0.9574145639160415,0.9564716056500432,0.9622969837587007,0.9593754517854561,0.04792890017457546,0.037703016241299306
"train layers=[64, 64], epochs=200, min_delta=0.0, patience=5, dropout_rate=0.5",0.9566601000151538,0.9569128100972001,0.9599767137243487,0.9584423132810229,0.04694167852062589,0.040023286275651285
"val layers=[64, 64], epochs=200, min_delta=0.0, patience=5, dropout_rate=0.5",0.9583996362809729,0.9557661927330173,0.9650522041763341,0.9603867522909301,0.04888112997936835,0.034947795823665896
"train layers=[64, 64], epochs=200, min_delta=0.0, patience=7, dropout_rate=0.3",0.9542544324897712,0.9549892918073252,0.9572478532964634,0.9561172387476605,0.04899636478583847,0.0427521467035366
"val layers=[64, 64], epochs=200, min_delta=0.0, patience=7, dropout_rate=0.3",0.9544593468212472,0.9538572458543619,0.9592517401392111,0.9565468874267948,0.050785589588954134,0.040748259860788866
"train layers=[64, 64], epochs=200, min_delta=0.0, patience=7, dropout_rate=0.5",0.9578913471738142,0.9557937281224063,0.9636879639062728,0.9597246127366609,0.04840366682471946,0.03631203609372726
"val layers=[64, 64], epochs=200, min_delta=0.0, patience=7, dropout_rate=0.5",0.9598393574297188,0.9557560137457045,0.9679524361948956,0.9618155619596542,0.04903983494683384,0.03204756380510441
"train layers=[64, 64], epochs=200, min_delta=0.0, patience=9, dropout_rate=0.3",0.9596529777238976,0.9560071942446043,0.9669989812254403,0.9614716735402649,0.04832464042990359,0.03300101877455974
"val layers=[64, 64], epochs=200, min_delta=0.0, patience=9, dropout_rate=0.3",0.960218231416231,0.9552665428040589,0.9692575406032483,0.9622111854890952,0.049674654816695765,0.03074245939675174
"train layers=[64, 64], epochs=200, min_delta=0.0, patience=9, dropout_rate=0.5",0.9566979845431126,0.9560228753438541,0.9610318730897977,0.9585208303091886,0.04800853485064011,0.0389681269102023
"val layers=[64, 64], epochs=200, min_delta=0.0, patience=9, dropout_rate=0.5",0.9577176631052512,0.9551852915828785,0.9643271461716937,0.9597344494155001,0.04951594984923028,0.03567285382830626
"train layers=[64, 64], epochs=200, min_delta=0.001, patience=3, dropout_rate=0.3",0.9569821185028035,0.9587017428956082,0.9586668607189638,0.9586843014899848,0.044847479058005374,0.04133313928103624
"val layers=[64, 64], epochs=200, min_delta=0.001, patience=3, dropout_rate=0.3",0.9577176631052512,0.9590092699884125,0.9601218097447796,0.9595652173913043,0.04491350579273131,0.039878190255220415
"train layers=[64, 64], epochs=200, min_delta=0.001, patience=3, dropout_rate=0.5",0.9577398090619791,0.9556493811121937,0.9635424246834522,0.9595796720717457,0.04856171961435119,0.03645757531654781
"val layers=[64, 64], epochs=200, min_delta=0.001, patience=3, dropout_rate=0.5",0.9595362582405093,0.9545584452700772,0.968677494199536,0.9615661436591334,0.05046817965402317,0.031322505800464036
"train layers=[64, 64], epochs=200, min_delta=0.001, patience=5, dropout_rate=0.3",0.9560160630398545,0.956196968598158,0.9594673264444767,0.9578293559986923,0.04773194246878457,0.040532673555523216
"val layers=[64, 64], epochs=200, min_delta=0.001, patience=5, dropout_rate=0.3",0.957490338713344,0.9554277498202732,0.9636020881670534,0.9594975092051116,0.049198539914299316,0.03639791183294663
"train layers=[64, 64], epochs=200, min_delta=0.001, patience=5, dropout_rate=0.5",0.9585922109410516,0.9581974932985583,0.9624508805122981,0.960319477219096,0.04559822980875612,0.03754911948770193
"val layers=[64, 64], epochs=200, min_delta=0.001, patience=5, dropout_rate=0.5",0.9598393574297188,0.9562786697247706,0.9673723897911833,0.9617935409457901,0.04840501507697191,0.03262761020881671
"train layers=[64, 64], epochs=200, min_delta=0.001, patience=7, dropout_rate=0.3",0.9574556751022882,0.9515171031916416,0.9675811381167224,0.9594818877182855,0.05354038248775091,0.03241886188327754
"val layers=[64, 64], epochs=200, min_delta=0.001, patience=7, dropout_rate=0.3",0.9593847086459044,0.9522184300341296,0.9709976798143851,0.961516369902355,0.053324869068401844,0.029002320185614848
"train layers=[64, 64], epochs=200, min_delta=0.001, patience=7, dropout_rate=0.5",0.9576261554781027,0.9590530564747809,0.9595764808615922,0.9593146972700652,0.044491860281333964,0.040423519138407804
"val layers=[64, 64], epochs=200, min_delta=0.001, patience=7, dropout_rate=0.5",0.9592331590512996,0.9585978072706289,0.9636020881670534,0.9610934336129592,0.04554832566259324,0.03639791183294663
"train layers=[64, 64], epochs=200, min_delta=0.001, patience=9, dropout_rate=0.3",0.9569063494468859,0.9547241963995815,0.9628874981807597,0.958788471641034,0.049589062746957485,0.037112501819240286
"val layers=[64, 64], epochs=200, min_delta=0.001, patience=9, dropout_rate=0.3",0.9589300598620899,0.9551575931232091,0.966792343387471,0.9609397520899394,0.049674654816695765,0.033207656612529
"train layers=[64, 64], epochs=200, min_delta=0.001, patience=9, dropout_rate=0.5",0.9577776935899379,0.9548647383019344,0.9644884296317857,0.9596524572359489,0.049510036352141615,0.035511570368214236
"val layers=[64, 64], epochs=200, min_delta=0.001, patience=9, dropout_rate=0.5",0.9597635826324165,0.9543183440399714,0.9694025522041764,0.9618013092583267,0.050785589588954134,0.030597447795823667
"train layers=[64, 64], epochs=500, min_delta=0.0, patience=3, dropout_rate=0.3",0.9570957720866798,0.9565516492269814,0.9612501819240286,0.9588951599731412,0.0474158368895211,0.03874981807597148
"val layers=[64, 64], epochs=500, min_delta=0.0, patience=3, dropout_rate=0.3",0.9592331590512996,0.9568841621155505,0.9654872389791184,0.9611664501227083,0.0476114902396445,0.03451276102088167
"train layers=[64, 64], epochs=500, min_delta=0.0, patience=3, dropout_rate=0.5",0.9584406728292165,0.9596510359869138,0.9605588706156309,0.9601047386987671,0.043859649122807015,0.03944112938436909
"val layers=[64, 64], epochs=500, min_delta=0.0, patience=3, dropout_rate=0.5",0.9585511858755777,0.9580147164911268,0.962877030162413,0.9604397193896,0.046183145532455165,0.037122969837587005
"train layers=[64, 64], epochs=500, min_delta=0.0, patience=5, dropout_rate=0.3",0.9584406728292165,0.959784742927787,0.9604133313928104,0.9600989342741789,0.04370159633317528,0.03958666860718964
"val layers=[64, 64], epochs=500, min_delta=0.0, patience=5, dropout_rate=0.3",0.9593847086459044,0.9592720970537262,0.9631670533642691,0.9612156295224312,0.04475480082526583,0.036832946635730855
"train layers=[64, 64], epochs=500, min_delta=0.0, patience=5, dropout_rate=0.5",0.9581375966055463,0.9582275727028791,0.9615048755639645,0.9598634266826487,0.04551920341394026,0.03849512443603551
"val layers=[64, 64], epochs=500, min_delta=0.0, patience=5, dropout_rate=0.5",0.9586269606728802,0.9569660333909038,0.9641821345707656,0.9605605316382548,0.04745278527217902,0.03581786542923434
"train layers=[64, 64], epochs=500, min_delta=0.0, patience=7, dropout_rate=0.3",0.9548037581451735,0.9571917808219178,0.9559380002910784,0.9565644797203816,0.04642800695432275,0.04406199970892155
"val layers=[64, 64], epochs=500, min_delta=0.0, patience=7, dropout_rate=0.3",0.9558232931726908,0.9563394535203122,0.9592517401392111,0.9577933830449576,0.04792890017457546,0.040748259860788866
"train layers=[64, 64], epochs=500, min_delta=0.0, patience=7, dropout_rate=0.5",0.9570010607667828,0.957670805198577,0.9598311745015282,0.9587497728511721,0.04607238817765134,0.04016882549847184
"val layers=[64, 64], epochs=500, min_delta=0.0, patience=7, dropout_rate=0.5",0.9574145639160415,0.9571304849884527,0.9615719257540604,0.9593460648148148,0.047135375337248056,0.03842807424593968
"train layers=[64, 64], epochs=500, min_delta=0.0, patience=9, dropout_rate=0.3",0.9577776935899379,0.9572033744885767,0.9619051084267211,0.959548481933833,0.046704599336178286,0.038094891573279
"val layers=[64, 64], epochs=500, min_delta=0.0, patience=9, dropout_rate=0.3",0.9597635826324165,0.9567963255346634,0.9666473317865429,0.9616966024669985,0.04777019520710998,0.03335266821345707
"train layers=[64, 64], epochs=500, min_delta=0.0, patience=9, dropout_rate=0.5",0.9576640400060615,0.9575586241890471,0.9612865667297337,0.9594189741261916,0.046269954164691006,0.038713433270266336
"val layers=[64, 64], epochs=500, min_delta=0.0, patience=9, dropout_rate=0.5",0.9596120330378116,0.9563907617271553,0.966792343387471,0.9615634239561549,0.048246310109506425,0.033207656612529
"train layers=[64, 64], epochs=500, min_delta=0.001, patience=3, dropout_rate=0.3",0.9547090468252766,0.9606756012483936,0.9519720564692185,0.9563040260238674,0.042318634423897585,0.04802794353078155
"val layers=[64, 64], epochs=500, min_delta=0.001, patience=3, dropout_rate=0.3",0.9565052663484125,0.9598487052662206,0.9567865429234339,0.958315177923021,0.04380257102047294,0.043213457076566125
"train layers=[64, 64], epochs=500, min_delta=0.001, patience=3, dropout_rate=0.5",0.9584785573571754,0.9567321583357411,0.9638335031290933,0.9602697020227652,0.04733681049470523,0.03616649687090671
"val layers=[64, 64], epochs=500, min_delta=0.001, patience=3, dropout_rate=0.5",0.9593847086459044,0.9546754360880755,0.9682424593967517,0.9614110871130309,0.05030947468655769,0.03175754060324826
"train layers=[64, 64], epochs=500, min_delta=0.001, patience=5, dropout_rate=0.3",0.9559781785118957,0.9546768830417811,0.9610682578955029,0.9578619089062953,0.04954954954954955,0.03893174210449716
"val layers=[64, 64], epochs=500, min_delta=0.001, patience=5, dropout_rate=0.3",0.957869212699856,0.9550674705713466,0.964762180974478,0.9598903477131727,0.049674654816695765,0.03523781902552204
"train layers=[64, 64], epochs=500, min_delta=0.001, patience=5, dropout_rate=0.5",0.956281254735566,0.9528057553956835,0.963760733517683,0.9582519354605311,0.051841314999209735,0.036239266482316984
"val layers=[64, 64], epochs=500, min_delta=0.001, patience=5, dropout_rate=0.5",0.9572630143214367,0.9524149757073449,0.9665023201856149,0.9594069382467252,0.052848754166005395,0.03349767981438515
"train layers=[64, 64], epochs=500, min_delta=0.001, patience=7, dropout_rate=0.3",0.9571336566146386,0.9584469407787108,0.959249017610246,0.9588478114600572,0.04516358463726885,0.04075098238975404
"val layers=[64, 64], epochs=500, min_delta=0.001, patience=7, dropout_rate=0.3",0.957869212699856,0.9574314574314574,0.9621519721577726,0.9597859106032114,0.04681796540231709,0.03784802784222738
"train layers=[64, 64], epochs=500, min_delta=0.001, patience=7, dropout_rate=0.5",0.9579102894377937,0.9568834551110468,0.9625236501237083,0.9596952657355342,0.047099731310257624,0.03747634987629166
"val layers=[64, 64], epochs=500, min_delta=0.001, patience=7, dropout_rate=0.5",0.9594604834432068,0.9566403445800431,0.9662122969837587,0.9614024962123945,0.04792890017457546,0.0337877030162413
"train layers=[64, 64], epochs=500, min_delta=0.001, patience=9, dropout_rate=0.3",0.957834520381876,0.9574067366896052,0.9617959540096056,0.9595963262787236,0.046467520151730675,0.03820404599039441
"val layers=[64, 64], epochs=500, min_delta=0.001, patience=9, dropout_rate=0.3",0.9582480866863681,0.9561466570812365,0.9643271461716937,0.9602194787379973,0.04840501507697191,0.03567285382830626
"train layers=[64, 64], epochs=500, min_delta=0.001, patience=9, dropout_rate=0.5",0.9580807698136081,0.9575924383442581,0.9620870324552467,0.9598344737463019,0.046269954164691006,0.03791296754475331
"val layers=[64, 64], epochs=500, min_delta=0.001, patience=9, dropout_rate=0.5",0.9600666818216261,0.9595901284456632,0.9641821345707656,0.9618806509945751,0.04443739089033487,0.03581786542923434
"train layers=[64, 128, 64], epochs=50, min_delta=0.0, patience=3, dropout_rate=0.3",0.9517351113805121,0.9455403087478559,0.9627419589579391,0.9540636042402827,0.0602181128496918,0.03725804104206083
"val layers=[64, 128, 64], epochs=50, min_delta=0.0, patience=3, dropout_rate=0.3",0.9515799045237554,0.9438218186976877,0.964762180974478,0.9541771244173539,0.06284716711633075,0.03523781902552204
"train layers=[64, 128, 64], epochs=50, min_delta=0.0, patience=3, dropout_rate=0.5",0.9581565388695257,0.9518072289156626,0.9686726822878766,0.9601659002795059,0.05326379010589537,0.031327317712123416
"val layers=[64, 128, 64], epochs=50, min_delta=0.0, patience=3, dropout_rate=0.5",0.9588542850647874,0.9496107572540694,0.9728828306264501,0.9611059379700595,0.05649896841771147,0.027117169373549885
"train layers=[64, 128, 64], epochs=50, min_delta=0.0, patience=5, dropout_rate=0.3",0.9295347779966662,0.9532692454413673,0.9092199097656819,0.9307236768594733,0.04840366682471946,0.09078009023431814
"val layers=[64, 128, 64], epochs=50, min_delta=0.0, patience=5, dropout_rate=0.3",0.9308176100628931,0.9522297808012093,0.9134280742459396,0.9324254311301902,0.05015076971909221,0.08657192575406032
"train layers=[64, 128, 64], epochs=50, min_delta=0.0, patience=5, dropout_rate=0.5",0.9561676011516896,0.9547589795475898,0.9613593363411439,0.9580477899851336,0.04947052315473368,0.03864066365885606
"val layers=[64, 128, 64], epochs=50, min_delta=0.0, patience=5, dropout_rate=0.5",0.9571114647268318,0.9536983944954128,0.964762180974478,0.9591983852364475,0.051261704491350576,0.03523781902552204
"train layers=[64, 128, 64], epochs=50, min_delta=0.0, patience=7, dropout_rate=0.3",0.9511100166691923,0.9456354461186071,0.9613593363411439,0.9534325665313487,0.060020546862652124,0.03864066365885606
"val layers=[64, 128, 64], epochs=50, min_delta=0.0, patience=7, dropout_rate=0.3",0.9515041297264529,0.9439398240136248,0.9644721577726219,0.9540955386601635,0.06268846214886525,0.03552784222737819
"train layers=[64, 128, 64], epochs=50, min_delta=0.0, patience=7, dropout_rate=0.5",0.9575314441582058,0.9545159896283492,0.9643792752146704,0.9594222833562586,0.04990516832622096,0.03562072478532965
"val layers=[64, 128, 64], epochs=50, min_delta=0.0, patience=7, dropout_rate=0.5",0.9586269606728802,0.9527952082144895,0.968822505800464,0.9607420189818809,0.05253134423107443,0.031177494199535964
"train layers=[64, 128, 64], epochs=50, min_delta=0.0, patience=9, dropout_rate=0.3",0.941695711471435,0.9440360963539771,0.9439673992140882,0.9440017465342212,0.06077129761340288,0.0560326007859118
"val layers=[64, 128, 64], epochs=50, min_delta=0.0, patience=9, dropout_rate=0.3",0.9426384784420702,0.9419726421886249,0.9486658932714617,0.9453074199841052,0.06395810188858911,0.05133410672853828
"train layers=[64, 128, 64], epochs=50, min_delta=0.0, patience=9, dropout_rate=0.5",0.9566222154871951,0.9548638694302015,0.962159802066657,0.9584979520823517,0.04939149675991781,0.037840197933343034
"val layers=[64, 128, 64], epochs=50, min_delta=0.0, patience=9, dropout_rate=0.5",0.9588542850647874,0.9543699041624947,0.9675174013921114,0.960898682220782,0.05062688462148865,0.03248259860788863
"train layers=[64, 128, 64], epochs=50, min_delta=0.001, patience=3, dropout_rate=0.3",0.935823609637824,0.9315804556526723,0.9462232571678068,0.9388447653429602,0.07547020704915441,0.053776742832193275
"val layers=[64, 128, 64], epochs=50, min_delta=0.001, patience=3, dropout_rate=0.3",0.9372584678335986,0.9334285714285714,0.9475058004640371,0.9404145077720207,0.07395651483891445,0.05249419953596288
"train layers=[64, 128, 64], epochs=50, min_delta=0.001, patience=3, dropout_rate=0.5",0.9572283679345356,0.9539009644450842,0.9644520448260806,0.9591474887827471,0.05061640587956377,0.03554795517391937
"val layers=[64, 128, 64], epochs=50, min_delta=0.001, patience=3, dropout_rate=0.5",0.9581723118890657,0.9524964336661912,0.9682424593967517,0.9603049043578311,0.052848754166005395,0.03175754060324826
"train layers=[64, 128, 64], epochs=50, min_delta=0.001, patience=5, dropout_rate=0.3",0.9509774208213365,0.9599807848643855,0.945240867413768,0.9525538077952553,0.04279279279279279,0.05475913258623199
"val layers=[64, 128, 64], epochs=50, min_delta=0.001, patience=5, dropout_rate=0.3",0.9525649768886868,0.9594079718640094,0.9493909512761021,0.9543731778425656,0.04396127598793842,0.05060904872389791
"train layers=[64, 128, 64], epochs=50, min_delta=0.001, patience=5, dropout_rate=0.5",0.9568495226549477,0.9527915499029963,0.9649250473002474,0.958819913952059,0.051920341394025606,0.03507495269975258
"val layers=[64, 128, 64], epochs=50, min_delta=0.001, patience=5, dropout_rate=0.5",0.9571872395241343,0.9498365780872531,0.9692575406032483,0.9594487906409245,0.05602285351531503,0.03074245939675174
"train layers=[64, 128, 64], epochs=50, min_delta=0.001, patience=7, dropout_rate=0.3",0.9516593423245946,0.9513069292592861,0.956083539513899,0.9536892534388269,0.05314525051367157,0.043916460486101004
"val layers=[64, 128, 64], epochs=50, min_delta=0.001, patience=7, dropout_rate=0.3",0.953322724861711,0.9505021520803444,0.9607018561484919,0.9555747872493869,0.05475321377559118,0.03929814385150812
"train layers=[64, 128, 64], epochs=50, min_delta=0.001, patience=7, dropout_rate=0.5",0.9582133656614639,0.9551314368023046,0.965070586523068,0.9600752886668839,0.049233443970286075,0.034929413476932035
"val layers=[64, 128, 64], epochs=50, min_delta=0.001, patience=7, dropout_rate=0.5",0.9576418883079488,0.9519326772215091,0.9678074245939675,0.9598044150427842,0.05348357403586732,0.03219257540603248
"train layers=[64, 128, 64], epochs=50, min_delta=0.001, patience=9, dropout_rate=0.3",0.8673852098802849,0.873654638987194,0.8712705574152234,0.8724609695225256,0.13683420262367632,0.1287294425847766
"val layers=[64, 128, 64], epochs=50, min_delta=0.001, patience=9, dropout_rate=0.3",0.8695915738425399,0.8780131482834186,0.8715197215777262,0.8747543846881595,0.1325186478336772,0.12848027842227377
"train layers=[64, 128, 64], epochs=50, min_delta=0.001, patience=9, dropout_rate=0.5",0.9544817396575239,0.9454409831989486,0.9684543734536457,0.9568093175404856,0.06069227121858701,0.03154562654635424
"val layers=[64, 128, 64], epochs=50, min_delta=0.001, patience=9, dropout_rate=0.5",0.9546108964158521,0.9430139299282397,0.9718677494199536,0.9572234521174035,0.06427551182352008,0.028132250580046404
"train layers=[64, 128, 64], epochs=100, min_delta=0.0, patience=3, dropout_rate=0.3",0.8372670101530535,0.8310960008411903,0.8627565128802213,0.846630366866018,0.19041409830883516,0.13724348711977877
"val layers=[64, 128, 64], epochs=100, min_delta=0.0, patience=3, dropout_rate=0.3",0.83981207850269,0.8327303089340384,0.8677494199535963,0.8498792785115751,0.19076337089350898,0.13225058004640372
"train layers=[64, 128, 64], epochs=100, min_delta=0.0, patience=3, dropout_rate=0.5",0.9575693286861646,0.9527909312670397,0.9663804395284529,0.9595375722543352,0.051999367788841476,0.03361956047154708
"val layers=[64, 128, 64], epochs=100, min_delta=0.0, patience=3, dropout_rate=0.5",0.9592331590512996,0.9513060760931289,0.9717227378190255,0.9614060258249641,0.05443580384066021,0.02827726218097448
"train layers=[64, 128, 64], epochs=100, min_delta=0.0, patience=5, dropout_rate=0.3",0.9545953932414002,0.9440648564449322,0.9702736137389026,0.9569898261290843,0.062430851904536115,0.029726386261097366
"val layers=[64, 128, 64], epochs=100, min_delta=0.0, patience=5, dropout_rate=0.3",0.9573387891187392,0.9439226132062246,0.9763631090487239,0.9598688431106993,0.06348198698619267,0.023636890951276104
"train layers=[64, 128, 64], epochs=100, min_delta=0.0, patience=5, dropout_rate=0.5",0.9550878921048643,0.9562515896951419,0.9575389317421045,0.9568948277429324,0.04757388967915284,0.0424610682578955
"val layers=[64, 128, 64], epochs=100, min_delta=0.0, patience=5, dropout_rate=0.5",0.9566568159430173,0.9561454125793422,0.9611368909512761,0.9586346543245589,0.048246310109506425,0.0388631090487239
"train layers=[64, 128, 64], epochs=100, min_delta=0.0, patience=7, dropout_rate=0.3",0.9444612820124261,0.9478003939592908,0.9453864066365886,0.9465918612699916,0.05654338549075391,0.05461359336341144
"val layers=[64, 128, 64], epochs=100, min_delta=0.0, patience=7, dropout_rate=0.3",0.9454421459422596,0.9468885672937771,0.9488109048723898,0.9478487614080835,0.05824472305983177,0.05118909512761021
"train layers=[64, 128, 64], epochs=100, min_delta=0.0, patience=7, dropout_rate=0.5",0.9572851947264737,0.9547240546483544,0.9636515791005676,0.959167043911272,0.04962857594436542,0.036348420899432396
"val layers=[64, 128, 64], epochs=100, min_delta=0.0, patience=7, dropout_rate=0.5",0.9587785102674851,0.9530670470756063,0.968822505800464,0.960880195599022,0.05221393429614347,0.031177494199535964
"train layers=[64, 128, 64], epochs=100, min_delta=0.0, patience=9, dropout_rate=0.3",0.889055159872708,0.9530353177761951,0.8276815601804687,0.885946293303215,0.044294294294294295,0.17231843981953138
"val layers=[64, 128, 64], epochs=100, min_delta=0.0, patience=9, dropout_rate=0.3",0.8914904902629386,0.9550299800133244,0.8314965197215777,0.8889922480620155,0.04285034121568005,0.16850348027842227
"train layers=[64, 128, 64], epochs=100, min_delta=0.0, patience=9, dropout_rate=0.5",0.9571904834065768,0.9550111840681146,0.9631421918206957,0.9590594543675954,0.04927295716769401,0.03685780817930432
"val layers=[64, 128, 64], epochs=100, min_delta=0.0, patience=9, dropout_rate=0.5",0.9571114647268318,0.9529192902117917,0.9656322505800464,0.9592336502448862,0.05221393429614347,0.034367749419953596
"train layers=[64, 128, 64], epochs=100, min_delta=0.001, patience=3, dropout_rate=0.3",0.9559781785118957,0.9560284202131516,0.9595764808615922,0.9577991646994733,0.04792950845582424,0.040423519138407804
"val layers=[64, 128, 64], epochs=100, min_delta=0.001, patience=3, dropout_rate=0.3",0.955141319996969,0.95300373670595,0.9615719257540604,0.9572686588710841,0.051896524361212504,0.03842807424593968
"train layers=[64, 128, 64], epochs=100, min_delta=0.001, patience=3, dropout_rate=0.5",0.9504849219578724,0.9519517336628626,0.9529908310289623,0.9524709989454162,0.05223644697328908,0.04700916897103769
"val layers=[64, 128, 64], epochs=100, min_delta=0.001, patience=3, dropout_rate=0.5",0.9508979313480337,0.9507936507936507,0.9554814385150812,0.9531317807030233,0.05411839390572925,0.04451856148491879
"train layers=[64, 128, 64], epochs=100, min_delta=0.001, patience=5, dropout_rate=0.3",0.9415631156235793,0.9304844913370267,0.9594309416387716,0.9447360407000699,0.07784099889363047,0.04056905836122835
"val layers=[64, 128, 64], epochs=100, min_delta=0.001, patience=5, dropout_rate=0.3",0.9427142532393726,0.9304542905215928,0.9622969837587007,0.9461077844311377,0.07871766386287891,0.037703016241299306
"train layers=[64, 128, 64], epochs=100, min_delta=0.001, patience=5, dropout_rate=0.5",0.9576450977420822,0.9556084885231702,0.9633968854606316,0.9594868821568343,0.048601232811759126,0.03660311453936836
"val layers=[64, 128, 64], epochs=100, min_delta=0.001, patience=5, dropout_rate=0.5",0.957490338713344,0.9546433185015071,0.9644721577726219,0.9595325687080718,0.05015076971909221,0.03552784222737819
"train layers=[64, 128, 64], epochs=100, min_delta=0.001, patience=7, dropout_rate=0.3",0.9540650098499772,0.9565977916256696,0.9551011497598603,0.9558488848429677,0.04706021811284969,0.04489885024013972
"val layers=[64, 128, 64], epochs=100, min_delta=0.001, patience=7, dropout_rate=0.3",0.9547624460104569,0.9571781100304834,0.9562064965197216,0.9566920565832426,0.04681796540231709,0.043793503480278426
"train layers=[64, 128, 64], epochs=100, min_delta=0.001, patience=7, dropout_rate=0.5",0.956186543415669,0.9540387459865074,0.9621961868723621,0.9581001032552579,0.05033981349770823,0.0378038131276379
"val layers=[64, 128, 64], epochs=100, min_delta=0.001, patience=7, dropout_rate=0.5",0.9555959687807836,0.9513590844062947,0.9643271461716937,0.9577992222382256,0.05395968893826377,0.03567285382830626
"train layers=[64, 128, 64], epochs=100, min_delta=0.001, patience=9, dropout_rate=0.3",0.9042279133202,0.9457783431388138,0.8656672973366322,0.903951367781155,0.053896001264422316,0.13433270266336778
"val layers=[64, 128, 64], epochs=100, min_delta=0.001, patience=9, dropout_rate=0.3",0.9019474122906721,0.9397174254317111,0.8680394431554525,0.9024574099200965,0.060942707506744964,0.13196055684454758
"train layers=[64, 128, 64], epochs=100, min_delta=0.001, patience=9, dropout_rate=0.5",0.9578724049098348,0.9542511868795857,0.9653616649687091,0.9597742728982781,0.05026078710289237,0.034638335031290934
"val layers=[64, 128, 64], epochs=100, min_delta=0.001, patience=9, dropout_rate=0.5",0.9596120330378116,0.9533988884138521,0.9701276102088167,0.961690505282829,0.051896524361212504,0.029872389791183295
"train layers=[64, 128, 64], epochs=200, min_delta=0.0, patience=3, dropout_rate=0.3",0.9343839975753903,0.9262190361274754,0.9496070440983845,0.9377672379720455,0.0821479374110953,0.05039295590161549
"val layers=[64, 128, 64], epochs=200, min_delta=0.0, patience=3, dropout_rate=0.3",0.9365764946578767,0.9295335318304268,0.9506960556844548,0.9399956986163883,0.07887636883034439,0.049303944315545245
"train layers=[64, 128, 64], epochs=200, min_delta=0.0, patience=3, dropout_rate=0.5",0.9575693286861646,0.9554376849245868,0.9634332702663367,0.9594188195224465,0.048798798798798795,0.03656672973366322
"val layers=[64, 128, 64], epochs=200, min_delta=0.0, patience=3, dropout_rate=0.5",0.9589300598620899,0.9542464969974264,0.9678074245939675,0.9609791216702663,0.050785589588954134,0.03219257540603248
"train layers=[64, 128, 64], epochs=200, min_delta=0.0, patience=5, dropout_rate=0.3",0.9486854068798303,0.9544037269359158,0.9466598748362683,0.9505160288610832,0.04911490437806227,0.05334012516373163
"val layers=[64, 128, 64], epochs=200, min_delta=0.0, patience=5, dropout_rate=0.3",0.9475638402667272,0.9486549030951692,0.951131090487239,0.9498913830557567,0.056340263450245995,0.04886890951276102
"train layers=[64, 128, 64], epochs=200, min_delta=0.0, patience=5, dropout_rate=0.5",0.957929231701773,0.9541907878177699,0.9655435889972348,0.9598336196762818,0.05033981349770823,0.034456411002765246
"val layers=[64, 128, 64], epochs=200, min_delta=0.0, patience=5, dropout_rate=0.5",0.9583238614836705,0.9516083119840593,0.9695475638051044,0.9604941818704209,0.05395968893826377,0.030452436194895592
"train layers=[64, 128, 64], epochs=200, min_delta=0.0, patience=7, dropout_rate=0.3",0.9455031065312927,0.942906512113467,0.9530272158346674,0.9479398512567179,0.06266793108898372,0.04697278416533256
"val layers=[64, 128, 64], epochs=200, min_delta=0.0, patience=7, dropout_rate=0.3",0.9459725695233765,0.9433529327405707,0.9538863109048724,0.9485903814262023,0.06268846214886525,0.046113689095127613
"train layers=[64, 128, 64], epochs=200, min_delta=0.0, patience=7, dropout_rate=0.5",0.9573799060463707,0.9519306540583137,0.9669625964197351,0.9593877477347388,0.05302671092144776,0.033037403580264885
"val layers=[64, 128, 64], epochs=200, min_delta=0.0, patience=7, dropout_rate=0.5",0.9579449874971584,0.9500354861603975,0.9705626450116009,0.9601893694856897,0.055864148547849546,0.029437354988399073
"train layers=[64, 128, 64], epochs=200, min_delta=0.0, patience=9, dropout_rate=0.3",0.8917070768298228,0.9494899434188246,0.836486683161112,0.8894133121844594,0.04832464042990359,0.1635133168388881
"val layers=[64, 128, 64], epochs=200, min_delta=0.0, patience=9, dropout_rate=0.3",0.8909600666818216,0.9497280369210483,0.8355568445475638,0.8889917457378693,0.04840501507697191,0.1644431554524362
"train layers=[64, 128, 64], epochs=200, min_delta=0.0, patience=9, dropout_rate=0.5",0.9563001969995454,0.9510228941994195,0.9657982826371707,0.9583536420254536,0.05401454085664612,0.03420171736282928
"val layers=[64, 128, 64], epochs=200, min_delta=0.0, patience=9, dropout_rate=0.5",0.9555201939834811,0.9486559522116342,0.9672273781902552,0.9578516550585194,0.057292493255038886,0.03277262180974478
"train layers=[64, 128, 64], epochs=200, min_delta=0.001, patience=3, dropout_rate=0.3",0.9459008940748598,0.9452882042380849,0.9511352059380003,0.9482026914287787,0.05978346767820452,0.04886479406199971
"val layers=[64, 128, 64], epochs=200, min_delta=0.001, patience=3, dropout_rate=0.3",0.9468060922937032,0.9429347826086957,0.9560614849187935,0.9494527649769585,0.06332328201872718,0.0439385150812065
"train layers=[64, 128, 64], epochs=200, min_delta=0.001, patience=3, dropout_rate=0.5",0.9566032732232156,0.9538461538461539,0.9632513462378111,0.9585256793207697,0.05061640587956377,0.03674865376218891
"val layers=[64, 128, 64], epochs=200, min_delta=0.001, patience=3, dropout_rate=0.5",0.957869212699856,0.9531160663236135,0.9669373549883991,0.9599769651598042,0.05205522932867799,0.03306264501160093
"train layers=[64, 128, 64], epochs=200, min_delta=0.001, patience=5, dropout_rate=0.3",0.9558266404000606,0.9537123890612599,0.9618323388153107,0.9577551537987754,0.05069543227437964,0.038167661184689276
"val layers=[64, 128, 64], epochs=200, min_delta=0.001, patience=5, dropout_rate=0.3",0.9566568159430173,0.9531384350816853,0.9644721577726219,0.9587718033732161,0.051896524361212504,0.03552784222737819
"train layers=[64, 128, 64], epochs=200, min_delta=0.001, patience=5, dropout_rate=0.5",0.9563949083194423,0.9562948467058056,0.9601222529471692,0.9582047278405171,0.0476529160739687,0.03987774705283074
"val layers=[64, 128, 64], epochs=200, min_delta=0.001, patience=5, dropout_rate=0.5",0.9580207622944609,0.9558654399079931,0.9641821345707656,0.9600057753393012,0.048722425011902874,0.03581786542923434
"train layers=[64, 128, 64], epochs=200, min_delta=0.001, patience=7, dropout_rate=0.3",0.9383618730110623,0.9493694362017804,0.9312691020229952,0.9402321651605319,0.05393551446183025,0.06873089797700481
"val layers=[64, 128, 64], epochs=200, min_delta=0.001, patience=7, dropout_rate=0.3",0.9389255133742517,0.951780415430267,0.9302494199535963,0.940891757113523,0.05157911442628154,0.0697505800464037
"train layers=[64, 128, 64], epochs=200, min_delta=0.001, patience=7, dropout_rate=0.5",0.9572094256705561,0.9509779382844066,0.9676902925338379,0.9592613298227264,0.054172593646277856,0.03230970746616213
"val layers=[64, 128, 64], epochs=200, min_delta=0.001, patience=7, dropout_rate=0.5",0.957869212699856,0.9485002829654782,0.9721577726218097,0.9601833285591521,0.05776860815743533,0.027842227378190254
"train layers=[64, 128, 64], epochs=200, min_delta=0.001, patience=9, dropout_rate=0.3",0.9465259887861798,0.9428899824000575,0.9551375345655654,0.948974243108902,0.06282598387861546,0.04486246543443458
"val layers=[64, 128, 64], epochs=200, min_delta=0.001, patience=9, dropout_rate=0.3",0.9452148215503523,0.9377393277549284,0.9588167053364269,0.9481608948160895,0.06967148071734645,0.04118329466357309
"train layers=[64, 128, 64], epochs=200, min_delta=0.001, patience=9, dropout_rate=0.5",0.9566222154871951,0.9556536207769659,0.9612865667297337,0.9584618175222203,0.04844318002212739,0.038713433270266336
"val layers=[64, 128, 64], epochs=200, min_delta=0.001, patience=9, dropout_rate=0.5",0.9579449874971584,0.9554661686539291,0.9644721577726219,0.9599480407014506,0.049198539914299316,0.03552784222737819
"train layers=[64, 128, 64], epochs=500, min_delta=0.0, patience=3, dropout_rate=0.3",0.9446317623882406,0.9443821241179663,0.9495706592926794,0.9469692846386908,0.060731784415994944,0.05042934070732062
"val layers=[64, 128, 64], epochs=500, min_delta=0.0, patience=3, dropout_rate=0.3",0.9486246874289611,0.9474668969487622,0.9546113689095128,0.9510257151112396,0.057927313124900806,0.04538863109048724
"train layers=[64, 128, 64], epochs=500, min_delta=0.0, patience=3, dropout_rate=0.5",0.9566979845431126,0.9520307118254879,0.9654708193858245,0.9587036635595058,0.052829144934408094,0.03452918061417552
"val layers=[64, 128, 64], epochs=500, min_delta=0.0, patience=3, dropout_rate=0.5",0.957869212699856,0.95246931201827,0.9676624129930395,0.9600057545676881,0.052848754166005395,0.03233758700696056
"train layers=[64, 128, 64], epochs=500, min_delta=0.0, patience=5, dropout_rate=0.3",0.9396499469616608,0.9335522089786596,0.9518265172463979,0.9426007999135229,0.07357357357357357,0.048173482753602094
"val layers=[64, 128, 64], epochs=500, min_delta=0.0, patience=5, dropout_rate=0.3",0.9396074865499735,0.9328601845280341,0.953016241299304,0.9428304999641346,0.07506744961117283,0.04698375870069606
"train layers=[64, 128, 64], epochs=500, min_delta=0.0, patience=5, dropout_rate=0.5",0.9569252917108653,0.9541033215649543,0.9636151942948624,0.9588356685130879,0.05033981349770823,0.03638480570513754
"val layers=[64, 128, 64], epochs=500, min_delta=0.0, patience=5, dropout_rate=0.5",0.9565052663484125,0.9515714285714286,0.9659222737819025,0.9586931491076569,0.053800983970798286,0.034077726218097446
"train layers=[64, 128, 64], epochs=500, min_delta=0.0, patience=7, dropout_rate=0.3",0.8270192453402031,0.8168508287292817,0.8607189637607335,0.8382113244986181,0.20957799905168326,0.1392810362392665
"val layers=[64, 128, 64], epochs=500, min_delta=0.0, patience=7, dropout_rate=0.3",0.8281427597181178,0.8168127053669222,0.865139211136891,0.8402816901408451,0.21234724646881448,0.13486078886310904
"train layers=[64, 128, 64], epochs=500, min_delta=0.0, patience=7, dropout_rate=0.5",0.9571904834065768,0.9568572049554445,0.961104642701208,0.958976220729715,0.04706021811284969,0.038895357298792024
"val layers=[64, 128, 64], epochs=500, min_delta=0.0, patience=7, dropout_rate=0.5",0.9585511858755777,0.9560407987358138,0.9650522041763341,0.9605253662408891,0.04856372004443739,0.034947795823665896
"train layers=[64, 128, 64], epochs=500, min_delta=0.0, patience=9, dropout_rate=0.3",0.9450674344597666,0.9469818181818181,0.9475331101731916,0.9472573839662447,0.057610241820768134,0.052466889826808326
"val layers=[64, 128, 64], epochs=500, min_delta=0.0, patience=9, dropout_rate=0.3",0.9444570735773282,0.9461415954828435,0.9476508120649652,0.9468956024052743,0.05903824789715918,0.052349187935034805
"train layers=[64, 128, 64], epochs=500, min_delta=0.0, patience=9, dropout_rate=0.5",0.9567737535990302,0.9533712312009787,0.9641245815747344,0.9587177538984768,0.051209103840682786,0.03587541842526561
"val layers=[64, 128, 64], epochs=500, min_delta=0.0, patience=9, dropout_rate=0.5",0.9581723118890657,0.9521094640820981,0.968677494199536,0.9603220241518113,0.053324869068401844,0.031322505800464036
"train layers=[64, 128, 64], epochs=500, min_delta=0.001, patience=3, dropout_rate=0.3",0.857402636763146,0.8557472903593839,0.8733081065347111,0.8644385219332997,0.15987039671250197,0.1266918934652889
"val layers=[64, 128, 64], epochs=500, min_delta=0.001, patience=3, dropout_rate=0.3",0.8533757672198227,0.8505016249823372,0.8728248259860789,0.8615186430974021,0.1679098555784796,0.12717517401392112
"train layers=[64, 128, 64], epochs=500, min_delta=0.001, patience=3, dropout_rate=0.5",0.9566411577511744,0.9544060888071276,0.962705574152234,0.9585378665748908,0.049944681523628895,0.037294425847765975
"val layers=[64, 128, 64], epochs=500, min_delta=0.001, patience=3, dropout_rate=0.5",0.9568841403349246,0.9521223381449192,0.9660672853828306,0.9590441229396098,0.05316616410093636,0.033932714617169374
"train layers=[64, 128, 64], epochs=500, min_delta=0.001, patience=5, dropout_rate=0.3",0.9423018639187756,0.94092811778291,0.9487338087614612,0.9448148416551924,0.06468310415678837,0.05126619123853879
"val layers=[64, 128, 64], epochs=500, min_delta=0.001, patience=5, dropout_rate=0.3",0.9411229824960218,0.9366347937776509,0.9517111368909513,0.9441127814140833,0.07046500555467386,0.04828886310904872
"train layers=[64, 128, 64], epochs=500, min_delta=0.001, patience=5, dropout_rate=0.5",0.9571715411425974,0.9538306524164237,0.9644156600203755,0.9590939518390534,0.05069543227437964,0.035584339979624506
"val layers=[64, 128, 64], epochs=500, min_delta=0.001, patience=5, dropout_rate=0.5",0.956959915132227,0.9510978043912176,0.9673723897911833,0.9591660675772825,0.05443580384066021,0.03262761020881671
"train layers=[64, 128, 64], epochs=500, min_delta=0.001, patience=7, dropout_rate=0.3",0.9532504924988635,0.9573977912674614,0.9525905981662058,0.9549881451759985,0.0460328749802434,0.047409401833794204
"val layers=[64, 128, 64], epochs=500, min_delta=0.001, patience=7, dropout_rate=0.3",0.9549139956050617,0.9577219235798343,0.9559164733178654,0.9568183467595617,0.046183145532455165,0.04408352668213457
"train layers=[64, 128, 64], epochs=500, min_delta=0.001, patience=7, dropout_rate=0.5",0.9574177905743294,0.9550962995022723,0.9635060398777471,0.9592827386343054,0.04919393077287814,0.03649396012225295
"val layers=[64, 128, 64], epochs=500, min_delta=0.001, patience=7, dropout_rate=0.5",0.9580965370917632,0.9540443808160344,0.9663573085846868,0.9601613716591024,0.05094429455641961,0.033642691415313224
"train layers=[64, 128, 64], epochs=500, min_delta=0.001, patience=9, dropout_rate=0.3",0.9511100166691923,0.9557816903986237,0.9500436617668462,0.952904038100104,0.04773194246878457,0.04995633823315383
"val layers=[64, 128, 64], epochs=500, min_delta=0.001, patience=9, dropout_rate=0.3",0.9511252557399409,0.9546181818181818,0.9517111368909513,0.9531624428146104,0.04951594984923028,0.04828886310904872
"train layers=[64, 128, 64], epochs=500, min_delta=0.001, patience=9, dropout_rate=0.5",0.9568305803909684,0.9535394249109296,0.9640518119633241,0.9587668035678747,0.05101153785364312,0.035948188036675884
"val layers=[64, 128, 64], epochs=500, min_delta=0.001, patience=9, dropout_rate=0.5",0.9577934379025536,0.9519463852844717,0.9680974477958236,0.9599539866273635,0.05348357403586732,0.031902552204176336
"train layers=[256, 128, 128, 256], epochs=50, min_delta=0.0, patience=3, dropout_rate=0.3",0.9507879981815427,0.9303749308245711,0.9787148886624946,0.953932903042769,0.07954006638217165,0.021285111337505457
"val layers=[256, 128, 128, 256], epochs=50, min_delta=0.0, patience=3, dropout_rate=0.3",0.9521861029021748,0.9321285694578563,0.9798433874709976,0.9553905973842347,0.07808284399301699,0.02015661252900232
"train layers=[256, 128, 128, 256], epochs=50, min_delta=0.0, patience=3, dropout_rate=0.5",0.9538755872101834,0.9507323568575233,0.9612137971183234,0.9559443469450526,0.054093567251461985,0.03878620288167661
"val layers=[256, 128, 128, 256], epochs=50, min_delta=0.0, patience=3, dropout_rate=0.5",0.9524892020913844,0.9483621799456444,0.9614269141531323,0.954849859580903,0.057292493255038886,0.03857308584686775
"train layers=[256, 128, 128, 256], epochs=50, min_delta=0.0, patience=5, dropout_rate=0.3",0.946298681618427,0.9391725759897374,0.9589579391646048,0.9489621401695861,0.06744902797534376,0.04104206083539514
"val layers=[256, 128, 128, 256], epochs=50, min_delta=0.0, patience=5, dropout_rate=0.3",0.946427218307191,0.9359064656993943,0.9634570765661253,0.9494819578420864,0.07221076019679416,0.03654292343387471
"train layers=[256, 128, 128, 256], epochs=50, min_delta=0.0, patience=5, dropout_rate=0.5",0.9550500075769056,0.9462273874258095,0.9687090670935817,0.9573362578882076,0.05978346767820452,0.03129093290641828
"val layers=[256, 128, 128, 256], epochs=50, min_delta=0.0, patience=5, dropout_rate=0.5",0.9564294915511101,0.9449528368295087,0.9733178654292344,0.958925637545539,0.06205364227900333,0.02668213457076566
"train layers=[256, 128, 128, 256], epochs=50, min_delta=0.0, patience=7, dropout_rate=0.3",0.9249128655856949,0.9437066103229701,0.9100567602969,0.9265762762095281,0.0589536905326379,0.08994323970309999
"val layers=[256, 128, 128, 256], epochs=50, min_delta=0.0, patience=7, dropout_rate=0.3",0.9261195726301432,0.9424600209236288,0.9144431554524362,0.9282402296312652,0.06110141247421044,0.0855568445475638
"train layers=[256, 128, 128, 256], epochs=50, min_delta=0.0, patience=7, dropout_rate=0.5",0.9542733747537505,0.9528540462427746,0.9596492504730024,0.9562395765354217,0.051564722617354196,0.04035074952699753
"val layers=[256, 128, 128, 256], epochs=50, min_delta=0.0, patience=7, dropout_rate=0.5",0.9549139956050617,0.9506508367901588,0.9637470997679815,0.9571541729675236,0.05475321377559118,0.03625290023201856
"train layers=[256, 128, 128, 256], epochs=50, min_delta=0.0, patience=9, dropout_rate=0.3",0.9526064555235642,0.9434149804756834,0.9669625964197351,0.95504366262982,0.0629840366682472,0.033037403580264885
"val layers=[256, 128, 128, 256], epochs=50, min_delta=0.0, patience=9, dropout_rate=0.3",0.9530196256725013,0.9411020522912567,0.9708526682134571,0.9557458957887224,0.06649738136803682,0.029147331786542923
"train layers=[256, 128, 128, 256], epochs=50, min_delta=0.0, patience=9, dropout_rate=0.5",0.9552394302166995,0.9538244751960111,0.9605224858099258,0.9571617628396875,0.050497866287339974,0.039477514190074225
"val layers=[256, 128, 128, 256], epochs=50, min_delta=0.0, patience=9, dropout_rate=0.5",0.9558990679699931,0.9521627040962475,0.9640371229698376,0.958063121487246,0.05300745913347088,0.03596287703016241
"train layers=[256, 128, 128, 256], epochs=50, min_delta=0.001, patience=3, dropout_rate=0.3",0.9375473556599485,0.9062720462256861,0.9815529035074952,0.9424114862622487,0.11024182076813656,0.01844709649250473
"val layers=[256, 128, 128, 256], epochs=50, min_delta=0.001, patience=3, dropout_rate=0.3",0.9354398726983405,0.9019686086725193,0.9833236658932715,0.9408908006105176,0.11696556102205999,0.016676334106728537
"train layers=[256, 128, 128, 256], epochs=50, min_delta=0.001, patience=3, dropout_rate=0.5",0.9531557811789665,0.9519352390589426,0.9584121670790278,0.9551627232345209,0.052552552552552555,0.0415878329209722
"val layers=[256, 128, 128, 256], epochs=50, min_delta=0.001, patience=3, dropout_rate=0.5",0.95423202242934,0.951751866743251,0.9611368909512761,0.9564213564213564,0.053324869068401844,0.0388631090487239
"train layers=[256, 128, 128, 256], epochs=50, min_delta=0.001, patience=5, dropout_rate=0.3",0.9211054705258372,0.9447644478352089,0.9011424828991413,0.9224380342278254,0.057215109846688796,0.09885751710085867
"val layers=[256, 128, 128, 256], epochs=50, min_delta=0.001, patience=5, dropout_rate=0.3",0.9183905433052967,0.9403662781897987,0.9009570765661253,0.9202399466785158,0.06252975718139978,0.0990429234338747
"train layers=[256, 128, 128, 256], epochs=50, min_delta=0.001, patience=5, dropout_rate=0.5",0.9507879981815427,0.9318386895259249,0.9769320331829427,0.9538527123521262,0.07760391970918287,0.0230679668170572
"val layers=[256, 128, 128, 256], epochs=50, min_delta=0.001, patience=5, dropout_rate=0.5",0.9503675077669167,0.9302357645112367,0.978393271461717,0.9537069757580041,0.08030471353753373,0.021606728538283063
"train layers=[256, 128, 128, 256], epochs=50, min_delta=0.001, patience=7, dropout_rate=0.3",0.9542354902257918,0.9494083901039799,0.9634332702663367,0.9563694152490338,0.05575312154259523,0.03656672973366322
"val layers=[256, 128, 128, 256], epochs=50, min_delta=0.001, patience=7, dropout_rate=0.3",0.9546866712131545,0.9475554292211483,0.966792343387471,0.9570772322710307,0.05856213299476273,0.033207656612529
"train layers=[256, 128, 128, 256], epochs=50, min_delta=0.001, patience=7, dropout_rate=0.5",0.9546522200333384,0.9548915802451229,0.9581574734390919,0.9565217391304348,0.049154417575470205,0.041842526560908165
"val layers=[256, 128, 128, 256], epochs=50, min_delta=0.001, patience=7, dropout_rate=0.5",0.9555959687807836,0.9536957146965775,0.9617169373549884,0.9576895306859206,0.0511029995238851,0.0382830626450116
"train layers=[256, 128, 128, 256], epochs=50, min_delta=0.001, patience=9, dropout_rate=0.3",0.9466207001060767,0.9240184281097436,0.9778780381312764,0.9501856107477461,0.08732416627153469,0.02212196186872362
"val layers=[256, 128, 128, 256], epochs=50, min_delta=0.001, patience=9, dropout_rate=0.3",0.9470334166856104,0.9236975249555586,0.9795533642691415,0.950805827292561,0.08855737184573877,0.02044663573085847
"train layers=[256, 128, 128, 256], epochs=50, min_delta=0.001, patience=9, dropout_rate=0.5",0.9561107743597514,0.9501985617688097,0.9663440547227478,0.9582033011635248,0.055002370791844474,0.03365594527725222
"val layers=[256, 128, 128, 256], epochs=50, min_delta=0.001, patience=9, dropout_rate=0.5",0.956959915132227,0.9487943262411348,0.9699825986078886,0.9592714756919547,0.057292493255038886,0.03001740139211137
"train layers=[256, 128, 128, 256], epochs=100, min_delta=0.0, patience=3, dropout_rate=0.3",0.949348386119109,0.9262300714678394,0.9808252073933925,0.9527461652647204,0.08483483483483484,0.01917479260660748
"val layers=[256, 128, 128, 256], epochs=100, min_delta=0.0, patience=3, dropout_rate=0.3",0.9484731378343563,0.9244741873804971,0.9815835266821346,0.9521733014488676,0.08776384700841136,0.018416473317865428
"train layers=[256, 128, 128, 256], epochs=100, min_delta=0.0, patience=3, dropout_rate=0.5",0.9546143355053796,0.9549543014652546,0.9580119342162713,0.9564806742226097,0.04907539118065434,0.04198806578372871
"val layers=[256, 128, 128, 256], epochs=100, min_delta=0.0, patience=3, dropout_rate=0.5",0.9557475183753883,0.9535786145444093,0.9621519721577726,0.9578461094268803,0.051261704491350576,0.03784802784222738
"train layers=[256, 128, 128, 256], epochs=100, min_delta=0.0, patience=5, dropout_rate=0.3",0.9428322473101985,0.9225561312607945,0.9717653907728133,0.9465216004536272,0.08858858858858859,0.02823460922718673
"val layers=[256, 128, 128, 256], epochs=100, min_delta=0.0, patience=5, dropout_rate=0.3",0.9419565052663484,0.9205543358946213,0.9728828306264501,0.9459954878736605,0.09189017616251388,0.027117169373549885
"train layers=[256, 128, 128, 256], epochs=100, min_delta=0.0, patience=5, dropout_rate=0.5",0.9532883770268222,0.9506773310275256,0.9600858681414641,0.9553584359160029,0.054093567251461985,0.03991413185853587
"val layers=[256, 128, 128, 256], epochs=100, min_delta=0.0, patience=5, dropout_rate=0.5",0.955141319996969,0.9491308064975776,0.9659222737819025,0.9574529251113986,0.05665767338517696,0.034077726218097446
"train layers=[256, 128, 128, 256], epochs=100, min_delta=0.0, patience=7, dropout_rate=0.3",0.9506932868616457,0.9324272654593486,0.9760224130403143,0.9537269123424529,0.07681365576102418,0.023977586959685635
"val layers=[256, 128, 128, 256], epochs=100, min_delta=0.0, patience=7, dropout_rate=0.3",0.9497613093884973,0.928738478470216,0.9789733178654292,0.95319449346982,0.08220917314711951,0.021026682134570766
"train layers=[256, 128, 128, 256], epochs=100, min_delta=0.0, patience=7, dropout_rate=0.5",0.9551447188968025,0.9519542215504211,0.9624144957065929,0.9571557807128641,0.052750118539592224,0.037585504293407075
"val layers=[256, 128, 128, 256], epochs=100, min_delta=0.0, patience=7, dropout_rate=0.5",0.9556717435780859,0.9516244453985974,0.9641821345707656,0.9578621335446229,0.05364227900333281,0.03581786542923434
"train layers=[256, 128, 128, 256], epochs=100, min_delta=0.0, patience=9, dropout_rate=0.3",0.9521139566601,0.9297423887587822,0.9822442148158929,0.9552724699221514,0.08060692271218586,0.017755785184107118
"val layers=[256, 128, 128, 256], epochs=100, min_delta=0.0, patience=9, dropout_rate=0.3",0.950973706145336,0.9269025823199891,0.9837587006960556,0.9544846992613436,0.0849071575940327,0.016241299303944315
"train layers=[256, 128, 128, 256], epochs=100, min_delta=0.0, patience=9, dropout_rate=0.5",0.9515456887407183,0.9517216382747372,0.9553922282055014,0.9535534008788176,0.05263157894736842,0.04460777179449862
"val layers=[256, 128, 128, 256], epochs=100, min_delta=0.0, patience=9, dropout_rate=0.5",0.9535500492536182,0.9507820347252116,0.96084686774942,0.9557879552830869,0.05443580384066021,0.03915313225058004
"train layers=[256, 128, 128, 256], epochs=100, min_delta=0.001, patience=3, dropout_rate=0.3",0.9202151841188059,0.9336612999403697,0.9115121525251055,0.9224537889388026,0.07033349138612296,0.08848784747489448
"val layers=[256, 128, 128, 256], epochs=100, min_delta=0.001, patience=3, dropout_rate=0.3",0.9189209668864136,0.9295193158360365,0.91415313225058,0.9217721889165083,0.07586097444850023,0.08584686774941995
"train layers=[256, 128, 128, 256], epochs=100, min_delta=0.001, patience=3, dropout_rate=0.5",0.9547658736172148,0.9504595060310167,0.9633241158492214,0.9568485724611493,0.054528212422949265,0.03667588415077863
"val layers=[256, 128, 128, 256], epochs=100, min_delta=0.001, patience=3, dropout_rate=0.5",0.9559748427672956,0.9484448231785257,0.9683874709976799,0.958312405826218,0.05760990318996985,0.031612529002320186
"train layers=[256, 128, 128, 256], epochs=100, min_delta=0.001, patience=5, dropout_rate=0.3",0.9506175178057281,0.9296991052613397,0.9791878911366614,0.9538019882688593,0.0804093567251462,0.02081210886333867
"val layers=[256, 128, 128, 256], epochs=100, min_delta=0.001, patience=5, dropout_rate=0.3",0.9493066606046828,0.9259816664386373,0.9814385150812065,0.9529039070749736,0.08585938739882558,0.018561484918793503
"train layers=[256, 128, 128, 256], epochs=100, min_delta=0.001, patience=5, dropout_rate=0.5",0.9539134717381421,0.9543657271375195,0.9572478532964634,0.9558046175364662,0.049707602339181284,0.0427521467035366
"val layers=[256, 128, 128, 256], epochs=100, min_delta=0.001, patience=5, dropout_rate=0.5",0.9561263923619004,0.9542643463253272,0.9621519721577726,0.9581919272149614,0.05046817965402317,0.03784802784222738
"train layers=[256, 128, 128, 256], epochs=100, min_delta=0.001, patience=7, dropout_rate=0.3",0.9476435823609638,0.9330460374185411,0.9689637607335176,0.950665762324635,0.07550972024656236,0.031036239266482316
"val layers=[256, 128, 128, 256], epochs=100, min_delta=0.001, patience=7, dropout_rate=0.3",0.9470334166856104,0.9306462821403753,0.9709976798143851,0.9503938684266553,0.07919377876527535,0.029002320185614848
"train layers=[256, 128, 128, 256], epochs=100, min_delta=0.001, patience=7, dropout_rate=0.5",0.9513183815729656,0.9456887298747764,0.9617231843981953,0.953638561171844,0.05998103366524419,0.03827681560180469
"val layers=[256, 128, 128, 256], epochs=100, min_delta=0.001, patience=7, dropout_rate=0.5",0.9522618776994771,0.9430147058823529,0.9670823665893271,0.9548969072164949,0.06395810188858911,0.03291763341067285
"train layers=[256, 128, 128, 256], epochs=100, min_delta=0.001, patience=9, dropout_rate=0.3",0.9448401272920139,0.9395392100744133,0.955537767428322,0.9474709575005411,0.06677730361940888,0.04446223257167807
"val layers=[256, 128, 128, 256], epochs=100, min_delta=0.001, patience=9, dropout_rate=0.3",0.9429415776312798,0.9348718674784086,0.9575116009280742,0.9460563077584354,0.07300428503412157,0.04248839907192575
"train layers=[256, 128, 128, 256], epochs=100, min_delta=0.001, patience=9, dropout_rate=0.5",0.9535535687225337,0.9545322486926205,0.9563382331538349,0.9554343874954562,0.04947052315473368,0.04366176684616504
"val layers=[256, 128, 128, 256], epochs=100, min_delta=0.001, patience=9, dropout_rate=0.5",0.9552928695915739,0.9555041895405952,0.959106728538283,0.9573020697640758,0.04888112997936835,0.04089327146171694
"train layers=[256, 128, 128, 256], epochs=200, min_delta=0.0, patience=3, dropout_rate=0.3",0.9483065616002425,0.9259730873799773,0.9789695823024305,0.9517341398277356,0.08499288762446658,0.021030417697569494
"val layers=[256, 128, 128, 256], epochs=200, min_delta=0.0, patience=3, dropout_rate=0.3",0.9461998939152838,0.923582580115037,0.9779582366589327,0.9499929567544725,0.08855737184573877,0.022041763341067284
"train layers=[256, 128, 128, 256], epochs=200, min_delta=0.0, patience=3, dropout_rate=0.5",0.9549931807849674,0.9491913553742665,0.9652161257458886,0.9571366719584355,0.05610874031926664,0.03478387425411148
"val layers=[256, 128, 128, 256], epochs=200, min_delta=0.0, patience=3, dropout_rate=0.5",0.956050617564598,0.9481975588986659,0.968822505800464,0.9583990819107732,0.057927313124900806,0.031177494199535964
"train layers=[256, 128, 128, 256], epochs=200, min_delta=0.0, patience=5, dropout_rate=0.3",0.9423208061827549,0.9712313447225329,0.9163513316838888,0.9429935411401292,0.02947684526631895,0.08364866831611119
"val layers=[256, 128, 128, 256], epochs=200, min_delta=0.0, patience=5, dropout_rate=0.3",0.9408956581041146,0.9700276667691362,0.9151682134570766,0.9417997313833756,0.030947468655768924,0.08483178654292343
"train layers=[256, 128, 128, 256], epochs=200, min_delta=0.0, patience=5, dropout_rate=0.5",0.953420972874678,0.9473703028352819,0.9640881967690292,0.955656141236723,0.05816342658447922,0.03591180323097075
"val layers=[256, 128, 128, 256], epochs=200, min_delta=0.0, patience=5, dropout_rate=0.5",0.952943850875199,0.9458576097768936,0.9651972157772621,0.9554295557309983,0.060466592604348515,0.03480278422273782
"train layers=[256, 128, 128, 256], epochs=200, min_delta=0.0, patience=7, dropout_rate=0.3",0.9254621912410972,0.9314742203818388,0.924865376218891,0.9281580340678801,0.07388967915283705,0.07513462378110901
"val layers=[256, 128, 128, 256], epochs=200, min_delta=0.0, patience=7, dropout_rate=0.3",0.9232401303326514,0.929228075295491,0.9234338747099768,0.9263219143210415,0.07697190922075861,0.0765661252900232
"train layers=[256, 128, 128, 256], epochs=200, min_delta=0.0, patience=7, dropout_rate=0.5",0.9553151992726171,0.954356396253029,0.9600858681414641,0.9572125587216368,0.049865655128813025,0.03991413185853587
"val layers=[256, 128, 128, 256], epochs=200, min_delta=0.0, patience=7, dropout_rate=0.5",0.9555959687807836,0.9538262370540852,0.9615719257540604,0.957683419988446,0.05094429455641961,0.03842807424593968
"train layers=[256, 128, 128, 256], epochs=200, min_delta=0.0, patience=9, dropout_rate=0.3",0.9452000303076223,0.9293271413108,0.9683816038422355,0.9484525061026674,0.07997471155365893,0.03161839615776452
"val layers=[256, 128, 128, 256], epochs=200, min_delta=0.0, patience=9, dropout_rate=0.3",0.9452905963476548,0.9289883268482491,0.9694025522041764,0.948765256883338,0.08109823837486113,0.030597447795823667
"train layers=[256, 128, 128, 256], epochs=200, min_delta=0.0, patience=9, dropout_rate=0.5",0.9487611759357478,0.9311940973793199,0.9735118614466599,0.9518828824021204,0.07811759127548601,0.026488138553340125
"val layers=[256, 128, 128, 256], epochs=200, min_delta=0.0, patience=9, dropout_rate=0.5",0.9468818670910055,0.926946933149552,0.9752030162412993,0.9504628648152074,0.08411363275670529,0.024796983758700698
"train layers=[256, 128, 128, 256], epochs=200, min_delta=0.001, patience=3, dropout_rate=0.3",0.9448022427640551,0.9313856310134139,0.965070586523068,0.9479289517887137,0.07720878773510352,0.034929413476932035
"val layers=[256, 128, 128, 256], epochs=200, min_delta=0.001, patience=3, dropout_rate=0.3",0.9432446768204895,0.9266972094960433,0.9679524361948956,0.9468756649407759,0.08379622282177432,0.03204756380510441
"train layers=[256, 128, 128, 256], epochs=200, min_delta=0.001, patience=3, dropout_rate=0.5",0.95584558266404,0.9527014866275512,0.9629966525978751,0.9578214059531349,0.051920341394025606,0.037003347402124874
"val layers=[256, 128, 128, 256], epochs=200, min_delta=0.001, patience=3, dropout_rate=0.5",0.956050617564598,0.950885208452313,0.9657772621809745,0.958273381294964,0.05459450880812569,0.034222737819025524
"train layers=[256, 128, 128, 256], epochs=200, min_delta=0.001, patience=5, dropout_rate=0.3",0.9369980300045462,0.9153999587316872,0.9684907582593509,0.9411972702521127,0.09720246562351825,0.031509241740649105
"val layers=[256, 128, 128, 256], epochs=200, min_delta=0.001, patience=5, dropout_rate=0.3",0.9350609987118285,0.912781954887218,0.9682424593967517,0.9396946027725002,0.1012537692429773,0.03175754060324826
"train layers=[256, 128, 128, 256], epochs=200, min_delta=0.001, patience=5, dropout_rate=0.5",0.9448780118199728,0.9467350203606748,0.9474239557560763,0.9470793627700589,0.05788683420262367,0.05257604424392374
"val layers=[256, 128, 128, 256], epochs=200, min_delta=0.001, patience=5, dropout_rate=0.5",0.9448359475638403,0.9447649264493798,0.9499709976798144,0.9473608098336949,0.06078400253927948,0.05002900232018562
"train layers=[256, 128, 128, 256], epochs=200, min_delta=0.001, patience=7, dropout_rate=0.3",0.8701507804212759,0.9194079616150937,0.8226968417988648,0.8683679935480154,0.07831515726252568,0.1773031582011352
"val layers=[256, 128, 128, 256], epochs=200, min_delta=0.001, patience=7, dropout_rate=0.3",0.8692126998560279,0.9177440206851971,0.8235208816705336,0.8680831549984714,0.08078082843993017,0.17647911832946636
"train layers=[256, 128, 128, 256], epochs=200, min_delta=0.001, patience=7, dropout_rate=0.5",0.9544249128655857,0.950136415852958,0.9629966525978751,0.9565233104445248,0.054883831199620675,0.037003347402124874
"val layers=[256, 128, 128, 256], epochs=200, min_delta=0.001, patience=7, dropout_rate=0.5",0.9543835720239449,0.948162916547992,0.9654872389791184,0.9567466590027303,0.05776860815743533,0.03451276102088167
"train layers=[256, 128, 128, 256], epochs=200, min_delta=0.001, patience=9, dropout_rate=0.3",0.9402182148810426,0.9423594443232235,0.9428394702372289,0.942599396166018,0.06262841789157579,0.05716052976277107
"val layers=[256, 128, 128, 256], epochs=200, min_delta=0.001, patience=9, dropout_rate=0.3",0.9399105857391832,0.9387491013659238,0.9467807424593968,0.9427478160421631,0.0676083161402952,0.05321925754060325
"train layers=[256, 128, 128, 256], epochs=200, min_delta=0.001, patience=9, dropout_rate=0.5",0.9545953932414002,0.9543264877395052,0.9586668607189638,0.956491750313107,0.04982614193140509,0.04133313928103624
"val layers=[256, 128, 128, 256], epochs=200, min_delta=0.001, patience=9, dropout_rate=0.5",0.9568841403349246,0.9543300301594141,0.9636020881670534,0.9589436467277581,0.05046817965402317,0.03639791183294663
"train layers=[256, 128, 128, 256], epochs=500, min_delta=0.0, patience=3, dropout_rate=0.3",0.9413168661918473,0.9269257703081233,0.9632149614321059,0.9447220041396046,0.08246404299035878,0.03678503856789405
"val layers=[256, 128, 128, 256], epochs=500, min_delta=0.0, patience=3, dropout_rate=0.3",0.9404410093203001,0.9244234509585996,0.964907192575406,0.9442315879097488,0.08633550230122203,0.03509280742459397
"train layers=[256, 128, 128, 256], epochs=500, min_delta=0.0, patience=3, dropout_rate=0.5",0.9539134717381421,0.9434590192954505,0.969582302430505,0.956342299341456,0.063102576260471,0.03041769756949498
"val layers=[256, 128, 128, 256], epochs=500, min_delta=0.0, patience=3, dropout_rate=0.5",0.9534742744563158,0.9399159663865546,0.9731728538283063,0.9562553434026788,0.06808443104269164,0.026827146171693735
"train layers=[256, 128, 128, 256], epochs=500, min_delta=0.0, patience=5, dropout_rate=0.3",0.9306144870434915,0.9157677941843823,0.9545189928685781,0.9347419429548735,0.09534534534534535,0.04548100713142192
"val layers=[256, 128, 128, 256], epochs=500, min_delta=0.0, patience=5, dropout_rate=0.3",0.9267257710085626,0.9111080293995285,0.9527262180974478,0.9314524704047636,0.10172988414537375,0.04727378190255221
"train layers=[256, 128, 128, 256], epochs=500, min_delta=0.0, patience=5, dropout_rate=0.5",0.9541597211698742,0.9507589382058844,0.9617595692039005,0.9562276163947473,0.054093567251461985,0.038240430796099546
"val layers=[256, 128, 128, 256], epochs=500, min_delta=0.0, patience=5, dropout_rate=0.5",0.9545351216185497,0.9489446662863662,0.964907192575406,0.9568593615185504,0.05681637835264244,0.03509280742459397
"train layers=[256, 128, 128, 256], epochs=500, min_delta=0.0, patience=7, dropout_rate=0.3",0.9510721321412335,0.9428418993419883,0.9644884296317857,0.9535423298980198,0.06349770823455034,0.035511570368214236
"val layers=[256, 128, 128, 256], epochs=500, min_delta=0.0, patience=7, dropout_rate=0.3",0.9518830037129651,0.942974388000566,0.9663573085846868,0.9545226670486285,0.06395810188858911,0.033642691415313224
"train layers=[256, 128, 128, 256], epochs=500, min_delta=0.0, patience=7, dropout_rate=0.5",0.949348386119109,0.9449106950720895,0.9585940911075534,0.9517032113571506,0.06069227121858701,0.04140590889244652
"val layers=[256, 128, 128, 256], epochs=500, min_delta=0.0, patience=7, dropout_rate=0.5",0.9490035614154733,0.9412849241242377,0.9624419953596288,0.9517458951745895,0.06570385653070941,0.03755800464037123
"train layers=[256, 128, 128, 256], epochs=500, min_delta=0.0, patience=9, dropout_rate=0.3",0.9433058039096833,0.926271451944164,0.9681632950080047,0.9467541940189642,0.08368895211000474,0.03183670499199534
"val layers=[256, 128, 128, 256], epochs=500, min_delta=0.0, patience=9, dropout_rate=0.3",0.9430931272258847,0.9239685387056713,0.9709976798143851,0.9468995262674115,0.0874464370734804,0.029002320185614848
"train layers=[256, 128, 128, 256], epochs=500, min_delta=0.0, patience=9, dropout_rate=0.5",0.949689346870738,0.9545920609345246,0.9484791151215253,0.9515257701854285,0.04899636478583847,0.05152088487847475
"val layers=[256, 128, 128, 256], epochs=500, min_delta=0.0, patience=9, dropout_rate=0.5",0.9513525801318482,0.9534512761020881,0.9534512761020881,0.9534512761020881,0.05094429455641961,0.046548723897911835
"train layers=[256, 128, 128, 256], epochs=500, min_delta=0.001, patience=3, dropout_rate=0.3",0.9505417487498106,0.9302245130937143,0.9783874254111483,0.9536982851873526,0.07969811917180339,0.021612574588851696
"val layers=[256, 128, 128, 256], epochs=500, min_delta=0.001, patience=3, dropout_rate=0.3",0.9508979313480337,0.92888522789676,0.9811484918793504,0.9543018335684063,0.08220917314711951,0.018851508120649653
"train layers=[256, 128, 128, 256], epochs=500, min_delta=0.001, patience=3, dropout_rate=0.5",0.9481739657523868,0.9544252662504591,0.9456047154708194,0.9499945169426472,0.049035877983246406,0.05439528452918061
"val layers=[256, 128, 128, 256], epochs=500, min_delta=0.001, patience=3, dropout_rate=0.5",0.9482458134424491,0.9535698642137538,0.9470707656612529,0.9503092033466716,0.05046817965402317,0.0529292343387471
"train layers=[256, 128, 128, 256], epochs=500, min_delta=0.001, patience=5, dropout_rate=0.3",0.8938475526594939,0.8957172827895536,0.9009969436763208,0.8983493560674769,0.11391654812707444,0.09900305632367923
"val layers=[256, 128, 128, 256], epochs=500, min_delta=0.001, patience=5, dropout_rate=0.3",0.8972493748579222,0.8987906708897208,0.9053074245939675,0.9020372778500216,0.11156959212823361,0.09469257540603249
"train layers=[256, 128, 128, 256], epochs=500, min_delta=0.001, patience=5, dropout_rate=0.5",0.9563380815275042,0.9471497069792222,0.9702736137389026,0.9585722245187728,0.05879563774300616,0.029726386261097366
"val layers=[256, 128, 128, 256], epochs=500, min_delta=0.001, patience=5, dropout_rate=0.5",0.9563537167538076,0.9448198198198198,0.9733178654292344,0.9588571428571429,0.06221234724646881,0.02668213457076566
"train layers=[256, 128, 128, 256], epochs=500, min_delta=0.001, patience=7, dropout_rate=0.3",0.9367138960448553,0.912151319608044,0.9720564692184543,0.9411516037553063,0.10166745693061482,0.027943530781545628
"val layers=[256, 128, 128, 256], epochs=500, min_delta=0.001, patience=7, dropout_rate=0.3",0.9375615670228082,0.9129488574537541,0.9733178654292344,0.9421673217293656,0.10157117917790827,0.02668213457076566
"train layers=[256, 128, 128, 256], epochs=500, min_delta=0.001, patience=7, dropout_rate=0.5",0.954633277769359,0.9517122177811386,0.961650414786785,0.9566555062890236,0.05298719772403983,0.03834958521321496
"val layers=[256, 128, 128, 256], epochs=500, min_delta=0.001, patience=7, dropout_rate=0.5",0.9552170947942714,0.948882244055247,0.9663573085846868,0.9575400531647389,0.05697508332010792,0.033642691415313224
"train layers=[256, 128, 128, 256], epochs=500, min_delta=0.001, patience=9, dropout_rate=0.3",0.9174874981057736,0.9346714779732371,0.90474457866395,0.9194645762461174,0.06867393709498973,0.09525542133605007
"val layers=[256, 128, 128, 256], epochs=500, min_delta=0.001, patience=9, dropout_rate=0.3",0.9142229294536637,0.9297643900984194,0.9041473317865429,0.9167769445669754,0.07475003967624187,0.09585266821345707
"train layers=[256, 128, 128, 256], epochs=500, min_delta=0.001, patience=9, dropout_rate=0.5",0.9544249128655857,0.9514653992943041,0.9615048755639645,0.9564587932968982,0.05326379010589537,0.03849512443603551
"val layers=[256, 128, 128, 256], epochs=500, min_delta=0.001, patience=9, dropout_rate=0.5",0.9556717435780859,0.9500784481529025,0.9659222737819025,0.957934852951751,0.05554673861291858,0.034077726218097446
